-- MySQL dump 10.13  Distrib 5.5.44, for debian-linux-gnu (x86_64)
--
-- Host: localhost    Database: bluggee
-- ------------------------------------------------------
-- Server version	5.5.44-0ubuntu0.14.04.1-log

/*!40101 SET @OLD_CHARACTER_SET_CLIENT=@@CHARACTER_SET_CLIENT */;
/*!40101 SET @OLD_CHARACTER_SET_RESULTS=@@CHARACTER_SET_RESULTS */;
/*!40101 SET @OLD_COLLATION_CONNECTION=@@COLLATION_CONNECTION */;
/*!40101 SET NAMES utf8 */;
/*!40103 SET @OLD_TIME_ZONE=@@TIME_ZONE */;
/*!40103 SET TIME_ZONE='+00:00' */;
/*!40014 SET @OLD_UNIQUE_CHECKS=@@UNIQUE_CHECKS, UNIQUE_CHECKS=0 */;
/*!40014 SET @OLD_FOREIGN_KEY_CHECKS=@@FOREIGN_KEY_CHECKS, FOREIGN_KEY_CHECKS=0 */;
/*!40101 SET @OLD_SQL_MODE=@@SQL_MODE, SQL_MODE='NO_AUTO_VALUE_ON_ZERO' */;
/*!40111 SET @OLD_SQL_NOTES=@@SQL_NOTES, SQL_NOTES=0 */;

--
-- Table structure for table `blog_category`
--

DROP TABLE IF EXISTS `blog_category`;
/*!40101 SET @saved_cs_client     = @@character_set_client */;
/*!40101 SET character_set_client = utf8 */;
CREATE TABLE `blog_category` (
  `id` bigint(20) NOT NULL AUTO_INCREMENT,
  `name` varchar(255) DEFAULT NULL,
  PRIMARY KEY (`id`)
) ENGINE=InnoDB AUTO_INCREMENT=12 DEFAULT CHARSET=latin1;
/*!40101 SET character_set_client = @saved_cs_client */;

--
-- Dumping data for table `blog_category`
--

LOCK TABLES `blog_category` WRITE;
/*!40000 ALTER TABLE `blog_category` DISABLE KEYS */;
INSERT INTO `blog_category` VALUES (1,'Entertainment'),(2,'News'),(3,'Events'),(4,'Lifestyle'),(5,'Gossip'),(6,'Fashion'),(7,'Beauty'),(8,'Technology'),(9,'Inspiration'),(10,'Gospel'),(11,'Music');
/*!40000 ALTER TABLE `blog_category` ENABLE KEYS */;
UNLOCK TABLES;

--
-- Table structure for table `blog_source`
--

DROP TABLE IF EXISTS `blog_source`;
/*!40101 SET @saved_cs_client     = @@character_set_client */;
/*!40101 SET character_set_client = utf8 */;
CREATE TABLE `blog_source` (
  `id` bigint(20) NOT NULL AUTO_INCREMENT,
  `description` varchar(255) DEFAULT NULL,
  `image` varchar(255) DEFAULT NULL,
  `name` varchar(255) DEFAULT NULL,
  `link` varchar(255) NOT NULL,
  PRIMARY KEY (`id`)
) ENGINE=InnoDB AUTO_INCREMENT=3 DEFAULT CHARSET=latin1;
/*!40101 SET character_set_client = @saved_cs_client */;

--
-- Dumping data for table `blog_source`
--

LOCK TABLES `blog_source` WRITE;
/*!40000 ALTER TABLE `blog_source` DISABLE KEYS */;
INSERT INTO `blog_source` VALUES (1,'','blogger.png','Linda Ikeji','http://www.lindaikejisblog.com/'),(2,'','bn-tiny.png','Bella Naija','https://www.bellanaija.com/');
/*!40000 ALTER TABLE `blog_source` ENABLE KEYS */;
UNLOCK TABLES;

--
-- Table structure for table `blog_source_and_category`
--

DROP TABLE IF EXISTS `blog_source_and_category`;
/*!40101 SET @saved_cs_client     = @@character_set_client */;
/*!40101 SET character_set_client = utf8 */;
CREATE TABLE `blog_source_and_category` (
  `id` bigint(20) NOT NULL AUTO_INCREMENT,
  `category_id` bigint(20) DEFAULT NULL,
  `source_id` bigint(20) DEFAULT NULL,
  PRIMARY KEY (`id`),
  KEY `FK_52awbmvcftmh1nav29hofy160` (`category_id`),
  KEY `FK_j422yms8t2jkro2ejciqeqgqy` (`source_id`),
  CONSTRAINT `FK_52awbmvcftmh1nav29hofy160` FOREIGN KEY (`category_id`) REFERENCES `blog_category` (`id`),
  CONSTRAINT `FK_j422yms8t2jkro2ejciqeqgqy` FOREIGN KEY (`source_id`) REFERENCES `blog_source` (`id`)
) ENGINE=InnoDB DEFAULT CHARSET=latin1;
/*!40101 SET character_set_client = @saved_cs_client */;

--
-- Dumping data for table `blog_source_and_category`
--

LOCK TABLES `blog_source_and_category` WRITE;
/*!40000 ALTER TABLE `blog_source_and_category` DISABLE KEYS */;
/*!40000 ALTER TABLE `blog_source_and_category` ENABLE KEYS */;
UNLOCK TABLES;

--
-- Table structure for table `content`
--

DROP TABLE IF EXISTS `content`;
/*!40101 SET @saved_cs_client     = @@character_set_client */;
/*!40101 SET character_set_client = utf8 */;
CREATE TABLE `content` (
  `id` bigint(20) NOT NULL AUTO_INCREMENT,
  `description` varchar(255) DEFAULT NULL,
  `image` varchar(255) DEFAULT NULL,
  `original_url` varchar(255) DEFAULT NULL,
  `title` varchar(255) DEFAULT NULL,
  `unique_id` varchar(255) DEFAULT NULL,
  `url` varchar(255) DEFAULT NULL,
  `source_id` bigint(20) DEFAULT NULL,
  PRIMARY KEY (`id`),
  KEY `FK_gq12xjj7r3y2oxk04hnuppvr3` (`source_id`),
  CONSTRAINT `FK_gq12xjj7r3y2oxk04hnuppvr3` FOREIGN KEY (`source_id`) REFERENCES `blog_source` (`id`)
) ENGINE=InnoDB AUTO_INCREMENT=242 DEFAULT CHARSET=latin1;
/*!40101 SET character_set_client = @saved_cs_client */;

--
-- Dumping data for table `content`
--

LOCK TABLES `content` WRITE;
/*!40000 ALTER TABLE `content` DISABLE KEYS */;
INSERT INTO `content` VALUES (114,'Operatives of the Rapid Response Squad of Lagos State Police Command have arrested three people for being members of an internet fraud gang that swindled a property dealer in Lagos State the sum of N3.8 million while posing as a client...','https://3.bp.blogspot.com/-n-zA7cPrhPk/WEVuq19OOSI/AAAAAAALGfc/CjMA2OXGUjEBukVt2IoV2WxjIbk8yYrcwCLcB/s1600/j.jpg','http://www.lindaikejisblog.com/2016/12/photo-3-internet-fraudsters-posed-as.html','Photo: 3 internet fraudsters posed as clients to swindle property dealer out of N3.8m in Lagos','4432357fad8e69e1cfb3500bfb8f8c9e1b146bb6','http://localhost:8080/ourtori/4432357fad8e69e1cfb3500bfb8f8c9e1b146bb6/photo-3-internet-fraudsters-posed-as-clients-to-swindle-property-dealer-out-of-n38m-in-lagos',1),(115,'Manchester United coach Jose Mourinho has denied reports that he committed tax evasion while coaching in Spain after reports emerged on Sunday that his agent Jorge Mendes created special plans to ensure his clients Mourinho, Mesut Ozil , Radamel Falcao an','https://4.bp.blogspot.com/--Yt-PApC8jE/WEVrhIZ_XDI/AAAAAAALGfE/QoMoa27YLiQ7XHj5qIhlJmp4OH9-KchYwCLcB/s1600/xx.jpg','http://www.lindaikejisblog.com/2016/12/jose-mourinho-denies-any-wrongdoing.html','Jose Mourinho denies any wrongdoing after himself, Cristiano Ronaldo & Ozil are accused of £100m tax evasion','71fe561bda54f0e704a953f4f2f0de78d8c8e543','http://localhost:8080/ourtori/71fe561bda54f0e704a953f4f2f0de78d8c8e543/jose-mourinho-denies-any-wrongdoing-after-himself-cristiano-ronaldo--ozil-are-accused-of-100m-tax-evasion',1),(116,'Nigerian journalist, Ahmed Salkida, was declared wanted along with two others-Ahmed Bolori and Aisha Wakil-by the Nigerian Army over the release of a Boko Haram video. He was picked up and later released. His passport has now been released to him...','https://4.bp.blogspot.com/-vFp6XxFEaqo/WEV1OfKjBkI/AAAAAAALGgA/3knINBb3nBQMJqHOL5DTzQfkKS7wgzaKQCLcB/s1600/1.png','http://www.lindaikejisblog.com/2016/12/ahmad-salkida-gets-his-passport-back.html','Ahmad Salkida gets his passport back from Nigerian immigration','fce85125ee4bc2b880b51fef2bedfa80d69f4fa8','http://localhost:8080/ourtori/fce85125ee4bc2b880b51fef2bedfa80d69f4fa8/ahmad-salkida-gets-his-passport-back-from-nigerian-immigration',1),(117,'Former Cameroon and Liverpool defender, Rigobert Song who left Cameroon for France to get extra care after suffering a stroke on Sunday, October 2, 2016 is recuperating and getting better.','https://2.bp.blogspot.com/-lNjxgoOIsxE/WEV0S0IK5XI/AAAAAAALGf0/MW-XiU0H3c0kvIk-wIFS7354yb0WhY1rwCLcB/s1600/unnamed.jpg','http://www.lindaikejisblog.com/2016/12/update-after-2-months-in-french.html','Update: After 2 Months in a French Hospital, Cameroonian legend, Rigobert Song smiles again','50964a33253a478249239a61441f39d9cc9de49b','http://localhost:8080/ourtori/50964a33253a478249239a61441f39d9cc9de49b/update-after-2-months-in-a-french-hospital-cameroonian-legend-rigobert-song-smiles-again',1),(118,'During an interview with Russian channel, NTV, on Sunday, Russian President and the Forbes 2016 world\'s most powerful man , Vladimir Putin, praised U.S president elect, Trump for the second time since his shock election win, saying that Trump’s success in','https://3.bp.blogspot.com/-m6rnw6qbIn4/WEVk9waI8cI/AAAAAAALGes/9vHB_Kp79fAUD1rCY7RLs3qxwxz-FUfiACLcB/s1600/0000.jpg','http://www.lindaikejisblog.com/2016/12/donald-trump-is-clever-man-russian.html','\'Donald Trump is a clever man\'- Russian president Putin showers Trump with praises again! (video)','314258badb97032b90c2ef88f30a339f60bda4d0','http://localhost:8080/ourtori/314258badb97032b90c2ef88f30a339f60bda4d0/donald-trump-is-a-clever-man-russian-president-putin-showers-trump-with-praises-again-video',1),(119,'Sky P has officially changed his music name to Sky Peters and his Instagram and Twitter handles have been changed to @skypeters_','https://4.bp.blogspot.com/-OfPvsun7Wz0/WEVoiuN-OtI/AAAAAAALGe0/W6t7k48_7RoEdyAE1WBMOb9WbuYszXW6QCLcB/s400/00.jpg','http://www.lindaikejisblog.com/2016/12/sky-p-re-brands-name-to-skypeters.html','SKY P re-brands name to SkyPeters','76e6772340c68162dc420999cec902e2d760e1b3','http://localhost:8080/ourtori/76e6772340c68162dc420999cec902e2d760e1b3/sky-p-rebrands-name-to-skypeters',1),(120,'Police have arrested a homeless man, Jerry Pagan, 32, after he allegedly cut off the penis of a 68-year-old man, who was later found dead in a New York City bathroom. Authorities suspect Pagan, who is a male prostitute, previously had sex with the victim ','https://4.bp.blogspot.com/-BI1erxnrhMw/WEVtUyjV6_I/AAAAAAALGfU/9ncJBv1bwC86haxzBNIVAnjjoptSf4rNgCLcB/s1600/v.jpg','http://www.lindaikejisblog.com/2016/12/male-prostitute-cuts-off-penis-of-his.html','Male prostitute cuts off the penis of his 68-year-old male client in New York, abandons him to die','50d1ef00ba682005766cf703a4a2fe6807823a40','http://localhost:8080/ourtori/50d1ef00ba682005766cf703a4a2fe6807823a40/male-prostitute-cuts-off-the-penis-of-his-68yearold-male-client-in-new-york-abandons-him-to-die',1),(121,'Suspected kidnappers today dumped the body of a senior strategist with Aliko Dangote Industries, Istifanus Bello Gurama, who was kidnapped tthree weeks ago. Istifanus, who was in charge of negotiating with kidnappers whenever expatriates who work for the ','https://1.bp.blogspot.com/-wiHs900YA8U/WEVk3eokjeI/AAAAAAALGeo/MsMNuRRirqMTxTKDs-tDj8nZY4bnoxCNACLcB/s1600/unnamed.jpg','http://www.lindaikejisblog.com/2016/12/kidnappers-murder-senior-employee-of.html','Kidnappers murder senior employee of Aliko Dangote Group, dumps his body in a gutter','b3486e55c3406a72e4507d365dc678da035c8f06','http://localhost:8080/ourtori/b3486e55c3406a72e4507d365dc678da035c8f06/kidnappers-murder-senior-employee-of-aliko-dangote-group-dumps-his-body-in-a-gutter',1),(122,'Popular Lagos pastor and General Overseer of Christ Royal Family Int’l Church, Bishop Dr. Tom Samson, was spotted in his Roll Royce Phantom at an event in Lagos over the weekend. The luxury car was given to him by his followers earlier this year.','https://2.bp.blogspot.com/-y6ntN-I6Qbk/WEVfcR1GSpI/AAAAAAALGdk/bo6bNw_s3IsR7PTnNijUUJjSPRMUqQwPgCLcB/s1600/aaaa.jpg','http://www.lindaikejisblog.com/2016/12/photos-popular-lagos-pastor-spotted-in.html','Photos: Popular Lagos pastor spotted in his Rolls Royce Phantom','57f90b1eefd672cec6d203e2a8e07003beb51d85','http://localhost:8080/ourtori/57f90b1eefd672cec6d203e2a8e07003beb51d85/photos-popular-lagos-pastor-spotted-in-his-rolls-royce-phantom',1),(123,'I know you have probably heard that your wedding ring says a lot about you, right? Yes it really does! Your wedding ring represents your life partner! A ring that will go through ‘for better or worse’ and ‘in sickness and health’ with you without wearing ','https://3.bp.blogspot.com/-KhwaFogvY3Q/WEVdaipt9uI/AAAAAAALGcs/BlZBlwyKThYJJef-A1lgDexIzU59gcV1gCLcB/s400/k.png','http://www.lindaikejisblog.com/2016/12/what-your-wedding-ring-says-about-you.html','What your wedding ring says about You!','a2d510d5a9dc4c20dbf96c0b83497fe36096f77c','http://localhost:8080/ourtori/a2d510d5a9dc4c20dbf96c0b83497fe36096f77c/what-your-wedding-ring-says-about-you',1),(124,'President Buhari this morning received Liberian president, Ellen Johnson-Sirleaf at the state house Abuja.','https://2.bp.blogspot.com/-RD9eX7-9KLI/WEVeVG-uhRI/AAAAAAALGdQ/VnbUDfPxKqIcWezLZ5YsEnaqT0SCd41nwCLcB/s400/a.jpg','http://www.lindaikejisblog.com/2016/12/photos-pres-buhari-receives-liberian.html','Photos: Pres. Buhari receives Liberian president, Ellen Johnson-Sirleaf, at the state house Abuja','dd411be2f83ed42212808d56f04da25c578095fe','http://localhost:8080/ourtori/dd411be2f83ed42212808d56f04da25c578095fe/photos-pres-buhari-receives-liberian-president-ellen-johnsonsirleaf-at-the-state-house-abuja',1),(125,'A few countdowns and we will be screaming happy New Year in 2017, with our New Year resolutions pasted on every wall and desk. But if you are still adding weight loss plans to your New Year resolutions, abeg where have you been all this time?!','https://1.bp.blogspot.com/--NhyBqXXx7k/WEVcThynPDI/AAAAAAALGcc/nDPw1s9AVfQCshgRN0QXLSv2GjJe7WcmQCLcB/s400/l.jpg','http://www.lindaikejisblog.com/2016/12/new-year-new-weightare-you-ready.html','New Year, New Weight…Are you ready?','7270e7aac60e2de828da0f34826b5c08512d0915','http://localhost:8080/ourtori/7270e7aac60e2de828da0f34826b5c08512d0915/new-year-new-weightare-you-ready',1),(126,'According to these photos trending online, the man was allegedly caught in the early hours of today stealing at Overcomers church in Orji, Owerri North Local Government Area of Imo State. He was beaten up and almost set ablaze by an angry mob but was late','https://4.bp.blogspot.com/-To8DydwGGbg/WEVJUEm3TFI/AAAAAAALGb0/jnJ9sOC05X8n3qf0SH_yHIxI-yX2H5YSgCLcB/s1600/99.jpg','http://www.lindaikejisblog.com/2016/12/photos-alleged-thief-caught-stealing-in.html','Photos: Man allegedly caught stealing in a church in Imo state, stripped and beaten to pulp','df92f7b37f97dd8055ce33c876cdd59ab46a2df1','http://localhost:8080/ourtori/df92f7b37f97dd8055ce33c876cdd59ab46a2df1/photos-man-allegedly-caught-stealing-in-a-church-in-imo-state-stripped-and-beaten-to-pulp',1),(127,' A few hours ago, The Future Awards Africa, Africa\'s biggest youth event revealed its nominees, aged 18 - 32, for its awards that reward hardwork, talent and achievement.','https://3.bp.blogspot.com/-rY1KfDHVSzo/WEVHARdhIdI/AAAAAAALGaY/eA_IavKJBYUm1eNJtZSP16NCZWmf6QwZwCLcB/s400/1.jpg','http://www.lindaikejisblog.com/2016/12/and-nominees-aremr-easi-arese-ugwu.html','And the nominees are..Mr Easi, Arese Ugwu, Somkele Iyamah, The Future Award Africa unveils its nominees for this year\'s Edition!','18f9f22c5fa5e702f3d9b0ac05d53de0453a5964','http://localhost:8080/ourtori/18f9f22c5fa5e702f3d9b0ac05d53de0453a5964/and-the-nominees-aremr-easi-arese-ugwu-somkele-iyamah-the-future-award-africa-unveils-its-nominees-for-this-years-edition',1),(128,'Men, they can dish it but can\'t take it. T.I is said to have been livid and even considered separation after a video showing his wife Tiny dancing with Floyd Mayweather surfaced. Tiny is now mad!','https://2.bp.blogspot.com/-g0KWU1vmS1A/WEVHsE_hZ-I/AAAAAAALGbk/cgLplIQs1uwh54m8O8kTz9YhE4GDWGDqACLcB/s1600/8.png','http://www.lindaikejisblog.com/2016/12/tiny-blasts-ti-for-his-reaction-over.html','Tiny blasts T.I for his reaction over her dance video with Mayweather','83cb58f73ba8abc007628c8b61e828d9c8ff6ca3','http://localhost:8080/ourtori/83cb58f73ba8abc007628c8b61e828d9c8ff6ca3/tiny-blasts-ti-for-his-reaction-over-her-dance-video-with-mayweather',1),(129,'Six persons including an eight year old girl sustained serious injuries after an official of the Federal Road Safety Commission, Sokoto state command, allegedly hurled stones into a moving commercial vehicle along Western Bye-pass in Sokoto yesterday Dece','https://4.bp.blogspot.com/-ryOJnIGDfMg/WEVHM885uNI/AAAAAAALGbg/H5lPiBUP0kgNf2oUk7G05XZW_cyEUlT8QCLcB/s1600/unnamed.jpg','http://www.lindaikejisblog.com/2016/12/6-persons-including-8-year-old-girl.html','6 persons including an 8-year old girl left injured as FRSC official reportedly throws a stone into moving vehicle in Sokoto','c379d4be98cc833ba207b850830b091be89623e7','http://localhost:8080/ourtori/c379d4be98cc833ba207b850830b091be89623e7/6-persons-including-an-8year-old-girl-left-injured-as-frsc-official-reportedly-throws-a-stone-into-moving-vehicle-in-sokoto',1),(130,'With over half a decade of engrossed commitment to fashion entrepreneurship, the creative director of Twelve Gabby Ibeabuchi who resigned from banking a few years ago is fast becoming a husky force in the African fashion scene.','https://1.bp.blogspot.com/-AtU3h2GLzlI/WEQlSDv-oWI/AAAAAAALGEM/oTS2czV-oGIhkOkjxwgHodFyIAwMCU7AwCLcB/s1600/0.jpg','http://www.lindaikejisblog.com/2016/12/twelve06-fashion-powerhouse-releases.html','Twelve06 fashion powerhouse releases 2017 collection called \'Verified\'','1d5e588561c6834e8b59bbb76ba60bf47be18163','http://localhost:8080/ourtori/1d5e588561c6834e8b59bbb76ba60bf47be18163/twelve06-fashion-powerhouse-releases-2017-collection-called-verified',1),(131,'Wale Applause shared his breakup story describing all men as scum. According to him, he had to break up with his fiancee after he caught her in a compromising position with a man that usually gave her a lift to work. Read the rest the of the story after t','https://4.bp.blogspot.com/-3VbOT39irO0/WEVDNgHgoJI/AAAAAAALGZg/Lt6DnpnoCco6AT18982FZ9urm4-3kCwwACLcB/s1600/9.png','http://www.lindaikejisblog.com/2016/12/twitter-user-shares-his-breakup-story.html','Twitter user shares his breakup story; says all men are scum','a968578985151c7d232148b7eb1268424cd00b67','http://localhost:8080/ourtori/a968578985151c7d232148b7eb1268424cd00b67/twitter-user-shares-his-breakup-story-says-all-men-are-scum',1),(132,'The organizers of  Miss Nigeria 40th Edition have announced their upcoming pageant which will be held on the 19th  of December at the EKO hotel Convention center, Victoria Island, Lagos. Red carpet starts 5pm to 7 pm. Event goes live at 7.30pm prompt (no ','https://1.bp.blogspot.com/-O_7YO1RXBqo/WEVBpInxazI/AAAAAAALGZU/XRW4V41kzbAhn6rep0-kSECcVjxEBhePQCLcB/s400/2.jpg','http://www.lindaikejisblog.com/2016/12/40th-miss-nigeria-2016-set-to-hold-in.html','40th Miss Nigeria 2016 set to hold in grand style','73887b11e004f26dfd22e659f39fc16c7b262bd6','http://localhost:8080/ourtori/73887b11e004f26dfd22e659f39fc16c7b262bd6/40th-miss-nigeria-2016-set-to-hold-in-grand-style',1),(133,'Stunning photos of Sandra Okagbue from her birthday shoot styled by celebrity stylist Swankyjerry. More photos after the cut...','https://3.bp.blogspot.com/-RubcUXZsZrc/WEVEWobNsCI/AAAAAAALGZ4/5CEAolsXdtMnaET0H2rbJrmih8BR7dKjACLcB/s1600/3.jpg','http://www.lindaikejisblog.com/2016/12/behind-scenes-photos-from-sandra.html','Behind-the-scenes photos from Sandra Okagbue\'s birthday photoshoot','0d5752dcccd667397b79c8b16178ad37b4508116','http://localhost:8080/ourtori/0d5752dcccd667397b79c8b16178ad37b4508116/behindthescenes-photos-from-sandra-okagbues-birthday-photoshoot',1),(134,'Getting your Orders from Amazon to your doorstep can be a bother! We can help. www.AmazontoAfrica.com will receive, pack and Ship your Amazon USA or Amazon UK orders to your doorstep in a week. Hassle & no story.','https://2.bp.blogspot.com/-hpK-VHjpvPU/WEU_wzo64XI/AAAAAAALGY8/b7NElS-NxLAMBYASND2CS1ZYBDMHFYB6ACLcB/s400/j.png','http://www.lindaikejisblog.com/2016/12/ship-from-usa-uk-and-china-received-in.html','Ship from USA, UK and China... Received in a week! No Story!','68ea6657dcbee85da7c040e3432cffd94b6c43e1','http://localhost:8080/ourtori/68ea6657dcbee85da7c040e3432cffd94b6c43e1/ship-from-usa-uk-and-china-received-in-a-week-no-story',1),(135,'Triple MG Boss, Ubi Franklin, in an exclusive interview with Linda Ikeji\'s Blog, revealed how getting married to his beautiful wife, Lilian Esoro, and the birth of their son, are the greatest things to happen to him. Read the interview below...','https://4.bp.blogspot.com/-VokpLl8ImLk/WEVBfMjWWZI/AAAAAAALGZE/1NgsMy4arg0N8cOksV7awIihv1LpImL3gCLcB/s1600/unnamed.jpg','http://www.lindaikejisblog.com/2016/12/lib-exclusive-getting-married-is-one-of.html','LIB exclusive: \"Getting married is one of the greatest things that happened to me\" - Ubi Franklin','155bb68606a0525caa8e8073d5c70a85c2a1de51','http://localhost:8080/ourtori/155bb68606a0525caa8e8073d5c70a85c2a1de51/lib-exclusive-getting-married-is-one-of-the-greatest-things-that-happened-to-me--ubi-franklin',1),(136,'Are you a Nigerian Student actively-involved in Campus Politics in your Tertiary Institution and currently holds an elected position within your School? Well, we\'re already planning for your future in Political Leadership and Public Service.','https://4.bp.blogspot.com/-AKNjTQ5pHhw/WEU-Z6ic2eI/AAAAAAALGYo/jbeK5lqULa0pWSf8zyKZDeS_JOHAYIgBgCLcB/s400/k.jpg','http://www.lindaikejisblog.com/2016/12/rise-networks-and-ford-foundation.html','Rise Networks and Ford Foundation announce The Nigerian Student Leader Program 2016','ecb1df2c970dcb3287ca348722e260dac55b11b1','http://localhost:8080/ourtori/ecb1df2c970dcb3287ca348722e260dac55b11b1/rise-networks-and-ford-foundation-announce-the-nigerian-student-leader-program-2016',1),(137,'Quite right!','https://3.bp.blogspot.com/-GUBsHlWXJQk/WEU_C9jtZuI/AAAAAAALGY0/meTFJm-71GwXDE7uCsAXGlSWqGp_LXhzQCLcB/s1600/8.png','http://www.lindaikejisblog.com/2016/12/quote-of-day_5.html','Quote of the day!','5d5da3a8c83bb28264fe5bc427c2d57b826d9fca','http://localhost:8080/ourtori/5d5da3a8c83bb28264fe5bc427c2d57b826d9fca/quote-of-the-day',1),(138,'A member of Deeper life church got married to her man on Saturday, 3rd December 2016 in a very simple wedding dress and a makeup free face...that\'s how they wed in the church I hear. Happy married life to them...','https://4.bp.blogspot.com/-Duh9B6qDtmQ/WEU9rYpRbKI/AAAAAAALGYY/bRWo1izWWfEaAewftSxI3ZKDm1vPbd0_gCLcB/s400/2.png','http://www.lindaikejisblog.com/2016/12/photos-from-deeper-life-wedding-over.html','Photos from a Deeper Life wedding over the weekend...','2a2d6e7ca1a2b4ccfee42cb7ee3c52c39bc475cb','http://localhost:8080/ourtori/2a2d6e7ca1a2b4ccfee42cb7ee3c52c39bc475cb/photos-from-a-deeper-life-wedding-over-the-weekend',1),(139,'According to result from a new survey released by the Statistician General of the Federation, Yemi Kale, there are more women in the South East who head their homes than in any other part of the country. You guys agree with this?','https://4.bp.blogspot.com/-7PC9a2hjPjg/WEU6mkiIfiI/AAAAAAALGYI/MJhEjdpyUewy7YKjBAVhs-zzRqRRATRKACLcB/s1600/unnamed.jpg','http://www.lindaikejisblog.com/2016/12/more-women-in-south-east-head-their.html','More women in the South East head their homes than in any other part of the country- Statistician General of the Federation reveals','37d00be81fae5684faf6d1d31126648c77a3d396','http://localhost:8080/ourtori/37d00be81fae5684faf6d1d31126648c77a3d396/more-women-in-the-south-east-head-their-homes-than-in-any-other-part-of-the-country-statistician-general-of-the-federation-reveals',1),(140,'A Professional and Luxurious grade Brushes with leather case to show them off. These set of Brushes are Washable, Foldable, Portable and Durable for every beauty convenience...','https://1.bp.blogspot.com/-4eV5pjZs9wA/WEU5gXPVDpI/AAAAAAALGYE/xJy66HiQiiwcdeRdow1uyA8Sb8xsEpWCACLcB/s1600/00.jpg','http://www.lindaikejisblog.com/2016/12/1nairashop-nigeria-offers-set-of-24.html','1Nairashop Nigeria offers a set of 24-piece make-up brushes for #3000.00 Naira only','e5c271cd8e9924e88ad4b6f3f696a05ace468a39','http://localhost:8080/ourtori/e5c271cd8e9924e88ad4b6f3f696a05ace468a39/1nairashop-nigeria-offers-a-set-of-24piece-makeup-brushes-for-300000-naira-only',1),(141,'Since those loved up beach pictures of singer and dancer emerged, it is clear that Mariah and Tanaka are no longer keen on keeping their relationship under wraps. The pair attended a viewing party for Mariah\'s reality show as a couple. While the 46yr old ','https://3.bp.blogspot.com/-e4e3KRts3jc/WEU3RblvDzI/AAAAAAALGXw/DVz14xopKyc8u4BzEa3DaoK962VEeKMuACLcB/s400/aa.jpg','http://www.lindaikejisblog.com/2016/12/photos-mariah-carey-and-new-beau-bryan.html','Photos: Mariah Carey and new beau Bryan Tanaka attend her reality show viewing party together','0373f47c25be0528b0ce0dbf1784a63034880304','http://localhost:8080/ourtori/0373f47c25be0528b0ce0dbf1784a63034880304/photos-mariah-carey-and-new-beau-bryan-tanaka-attend-her-reality-show-viewing-party-together',1),(142,'Favour Ugochi Lawrence is 2 years old. She\'s the daughter of actor Dean Lawrence and she needs your help desperately. She has leukemia (cancer of the blood) and needs a bone marrow transplant.','https://3.bp.blogspot.com/-u-lopAkkpW8/WEU3MUUBvqI/AAAAAAALGXg/pKSUAbh4fh8LzSqSY_2j4JYeoWsB2ZNIgCLcB/s400/16465144_1480876903.3271.jpg','http://www.lindaikejisblog.com/2016/12/2-year-old-ugochi-lawrence-needs-your.html','2 year old Ugochi Lawrence needs your help','50be53d6f88030f71810e9bf5875cd7d9a356cd0','http://localhost:8080/ourtori/50be53d6f88030f71810e9bf5875cd7d9a356cd0/2-year-old-ugochi-lawrence-needs-your-help',1),(143,'Governor Ayo Fayose over the weekend, shared banana and groundnut to children residing at Okesa, where he had gone to inspect some ongoing projects. More photos after the cut.','https://2.bp.blogspot.com/-gl1P_sQKLWU/WEU1XMuH-bI/AAAAAAALGWg/-EShHk0ihEEgMjjYU6OtvVuHtUsErv4PwCLcB/s1600/0.jpg','http://www.lindaikejisblog.com/2016/12/gov-ayo-fayose-pictured-distributing.html','Gov Ayo Fayose pictured distributing banana and groundnut to kids in Ekiti state','bd04de106a6ea096b4bebad83858e32f58070da0','http://localhost:8080/ourtori/bd04de106a6ea096b4bebad83858e32f58070da0/gov-ayo-fayose-pictured-distributing-banana-and-groundnut-to-kids-in-ekiti-state',1),(144,'The Nigeria Association of Information Technology Enabled Outsourcing Companies (NAITEOC) will be having its 4th Outsourcing conference, which will facilitate the convergence of players in both the Private and Public sectors to spark discussions that will','https://1.bp.blogspot.com/-srhAhLqg1Aw/WEUzM6vZFzI/AAAAAAALGVw/TBfco3CP6t0ZwxsNCaggogTTi278jgU1QCLcB/s400/1.jpg','http://www.lindaikejisblog.com/2016/12/nigeria-association-of-information.html','Nigeria Association of Information Technology Enabled Outsourcing Companies (NAITEOC) 4th Outsourcing conference','e69d7aec4f1f3c6b58754b22b75ec636c35f5236','http://localhost:8080/ourtori/e69d7aec4f1f3c6b58754b22b75ec636c35f5236/nigeria-association-of-information-technology-enabled-outsourcing-companies-naiteoc-4th-outsourcing-conference',1),(145,'Facebok user, Kanijya Hilliard who just lost her boyfriend, Ayo Dequan  shared the heartbreaking message he sent to her pleading for forgiveness just few days before he died.','https://4.bp.blogspot.com/-TLi1c2n7hbk/WEU1zM9XFMI/AAAAAAALGXQ/x1NaGqU6kVwsGBXBpT_Jrc2t5FYFkI5sACLcB/s1600/5.png','http://www.lindaikejisblog.com/2016/12/heartbroken-lady-shares-message-her.html','Heartbroken lady shares message her boyfriend sent to her pleading for forgiveness few days before he died','372e32f9725f6942ae085febce0195cef4108acb','http://localhost:8080/ourtori/372e32f9725f6942ae085febce0195cef4108acb/heartbroken-lady-shares-message-her-boyfriend-sent-to-her-pleading-for-forgiveness-few-days-before-he-died',1),(146,'Remembering Aluu 4 ... Ugonna Obuzor, Toku Lloyd, Chiadika Biringa, and Tekena Elkanah, all students of the University of Port Harcourt, who were lynched after they were falsely accused of being thieves in Aluu community in Port Harcourt, Rivers State, on','https://4.bp.blogspot.com/-B7rwgO14DMY/WEUvdovI39I/AAAAAAALGVI/nzOYHusazfEo4gsLx-qFOoYR_APldnuiQCLcB/s1600/LL.jpg','http://www.lindaikejisblog.com/2016/12/remembering-aluu-4.html','Remembering Aluu 4','46b9a4550838a367aaa073653cf17e6f1563ce5e','http://localhost:8080/ourtori/46b9a4550838a367aaa073653cf17e6f1563ce5e/remembering-aluu-4',1),(147,'Lol...','https://3.bp.blogspot.com/-roJcbifPgb0/WEUzOZXl4BI/AAAAAAALGWE/Q-esrYnkkiw7XCGeN0rTyW5Ny8QzXifPgCLcB/s1600/Untitled.png','http://www.lindaikejisblog.com/2016/12/dencia-drags-lady-who-thrashed-herself.html','Dencia drags lady who thrashed herself and her man, Paul Pogba','3a1d69d7f862b5bfd145b47d6f831b688c72f793','http://localhost:8080/ourtori/3a1d69d7f862b5bfd145b47d6f831b688c72f793/dencia-drags-lady-who-thrashed-herself-and-her-man-paul-pogba',1),(148,'Madonna was giddy with delight as she shared photos of her 10yr old daughter, Mercy James who carted away four medals from a gymnastic competition. In June 2009, the singer adopted the then three-year-old Mercy James from Malawi, after a successful court ','https://3.bp.blogspot.com/-gzxGL4LG0f4/WEUx5d4VjYI/AAAAAAALGVg/1twx9Rb3HekCaMzbn_nKAIXqVg03HmchwCLcB/s1600/1.jpg','http://www.lindaikejisblog.com/2016/12/proud-mom-madonna-shares-photo-of-her.html','Proud mom Madonna shares a photo of her 10yr old daughter who won four gymnastic medals','a4ff7b6979048c57428a2951b7dbdc6bdab65a48','http://localhost:8080/ourtori/a4ff7b6979048c57428a2951b7dbdc6bdab65a48/proud-mom-madonna-shares-a-photo-of-her-10yr-old-daughter-who-won-four-gymnastic-medals',1),(149,'Ighotainment  Records presents 2 New songs from their first officially signed artiste Kido Blanko who has been in our faces for a while but hasn\'t been in our ears  so it\'s about that time .','https://4.bp.blogspot.com/-oVH1C3WtHmQ/WEUtBwXFodI/AAAAAAALGUk/iHEE3BnIekkIYeOmePdGgtu7IyKOpbyCwCLcB/s400/o.jpg','http://www.lindaikejisblog.com/2016/12/kido-blanco-collaborates-with-rap.html','Kido Blanco collaborates with rap royalty MI Abaga; debuts with 2 singles','ebea8993e0e664ccc16b2cda960f054952f248d4','http://localhost:8080/ourtori/ebea8993e0e664ccc16b2cda960f054952f248d4/kido-blanco-collaborates-with-rap-royalty-mi-abaga-debuts-with-2-singles',1),(150,'A pastor and his wife met their untimely death after they were gunned down along Gawa area in Benue State. According to Idoma voice, the pastor and his wife stopped at Gawa to buy foodstuffs before they were suddenly gunned down by the robbers. Narrating ','https://1.bp.blogspot.com/-iS-0wIDHqDs/WEUxW8MBCSI/AAAAAAALGVc/2eUaz0p18v89vdMG2Tsa0xlL-SCEpAq2gCLcB/s1600/unnamed.png','http://www.lindaikejisblog.com/2016/12/armed-robbers-kill-pastor-and-his-wife.html','Armed robbers kill pastor and his wife on their way from convention in Benue state','c333cd86df0cb07b7e71c4e9c38c843d18d62707','http://localhost:8080/ourtori/c333cd86df0cb07b7e71c4e9c38c843d18d62707/armed-robbers-kill-pastor-and-his-wife-on-their-way-from-convention-in-benue-state',1),(151,'A petty thief was beaten at Oshodi this morning after someone raised an alarm that he had stolen from him. Thankfully, he wasn\'t killed...','https://4.bp.blogspot.com/-PnGT2eMJ8M4/WEUvqhQH8oI/AAAAAAALGVM/l3vp7liIuJ4y2C3wf2xPFbVodFMPPxVKgCLcB/s400/4.jpg','http://www.lindaikejisblog.com/2016/12/pick-pocket-beaten-at-oshodi-this.html','Pick pocket beaten at Oshodi this morning (photo)','be3978a13c4c1c7e4e77d3ecf70b11a6d3df49fb','http://localhost:8080/ourtori/be3978a13c4c1c7e4e77d3ecf70b11a6d3df49fb/pick-pocket-beaten-at-oshodi-this-morning-photo',1),(152,'Actress, Monalisa Chinda-Coker\'s beautiful look to a movie premiere on Sunday.. She sure has that glow. See another photo after the cut...','https://1.bp.blogspot.com/-YiaLO0oBEKE/WEUu5G7v5_I/AAAAAAALGU8/stB2im45WL0INieuFt1Is55NHQdxsm6MgCLcB/s400/d.png','http://www.lindaikejisblog.com/2016/12/beautiful-new-photos-of-actress.html','Beautiful new photos of actress, Monalisa Chinda-Coker','063cdaeb5a3019c8f5786362b3d872b03bba49f5','http://localhost:8080/ourtori/063cdaeb5a3019c8f5786362b3d872b03bba49f5/beautiful-new-photos-of-actress-monalisa-chindacoker',1),(153,'The actress and her hubby, Olakunle Churchill, rocked matching outfits to his charity event for disabled mothers which held over the weekend...more photos after the cut...','https://4.bp.blogspot.com/-7xd3BOTa1ZI/WEUuDofNe8I/AAAAAAALGUw/Rc6qHN46Fb0hXcR8bB1LFZ7-rqnSsc7RQCLcB/s1600/f.png','http://www.lindaikejisblog.com/2016/12/photos-of-tonto-dikeh-and-her-hubby-at.html','Photos of Tonto Dikeh and her hubby at his charity event','90cd3d3c57f72023b63fd7943eea38551cf2de4f','http://localhost:8080/ourtori/90cd3d3c57f72023b63fd7943eea38551cf2de4f/photos-of-tonto-dikeh-and-her-hubby-at-his-charity-event',1),(154,'This is a sponsored post... Would you like to know how to make over 100% profit from your money in just 20 days? If yes then this is the most important article you will ever read before the end of this year.','https://4.bp.blogspot.com/--qElbzd5TUc/WEUn4NZMeUI/AAAAAAALGUA/uX5H2qIajfEBK3nVrM_EpV29M1PBU_CpACLcB/s1600/ll.png','http://www.lindaikejisblog.com/2016/12/how-to-make-100-return-on-your.html','How to make 100% return on your investments in 20days... Guaranteed!','bdeebdefc214e4083bb53042fae30e50158a9ec7','http://localhost:8080/ourtori/bdeebdefc214e4083bb53042fae30e50158a9ec7/how-to-make-100-return-on-your-investments-in-20days-guaranteed',1),(155,'Kylie Jenner is set to release her 2017 magazine which of course is full of raunchy pictures of the teen reality star. To whet the appetite of her fans, she shared a few snapchat photos from the calendar which was shot by celebrity photographer, Terry Ric','https://2.bp.blogspot.com/-PaVNnCwjUzE/WEUqCPofbOI/AAAAAAALGUI/CoIKN-ZCQUo5Dy_pvEoQ1rIgvnu7mTDvQCLcB/s400/0.jpg','http://www.lindaikejisblog.com/2016/12/see-sneak-peek-from-kylies-upcoming.html','See sneak peek from Kylie\'s upcoming raunchy calendar','bad14a2fb2833e60b1d82e16e36106cde3cff877','http://localhost:8080/ourtori/bad14a2fb2833e60b1d82e16e36106cde3cff877/see-sneak-peek-from-kylies-upcoming-raunchy-calendar',1),(156,'Yes, We’re doing it again!!! Just because you asked for it. COC Fashion School Presents her End of Year, 3 days Fashion Illustration Crash Course. Learn the best of Thumbnail Sketches, Fashion Drawings, Garment Rendering, Collection Creation and Detailing','https://www.bellanaija.com/wp-content/uploads/2016/12/dec16-illu-flyer-150x150.png','https://www.bellanaija.com/2016/12/coc-fashion-school-presents-its-3-days-fashion-illustration-crash-course-december-16th-18th/','COC Fashion School Presents its 3 Days Fashion Illustration Crash Course | December 16th-18th','873062ae58ce025fbab17a2837366f34c1ab89b6','http://localhost:8080/ourtori/873062ae58ce025fbab17a2837366f34c1ab89b6/coc-fashion-school-presents-its-3-days-fashion-illustration-crash-course--december-16th18th',2),(157,'Istifanus Bello Gurama, a senior strategist with Dangote Industries Limited, who was reportedly kidnapped three weeks ago, has been murdered, PUNCH reports. Sources said that Gurama, who was kidnapped about three weeks ago, was found lifeless in a gutter.','https://www.bellanaija.com/wp-content/uploads/2016/12/Istifanus-Bello-Gurama-150x150.jpg','https://www.bellanaija.com/2016/12/dangotes-negotiator-senior-strategists-lifeless-body-found-in-the-gutter-3-weeks-after-kidnap/','Dangote’s Negotiator & Senior Strategist’s Lifeless Body Found in the Gutter 3 weeks after Kidnap','2047343cd7d9de04db4c35d3d47e788aa7a09883','http://localhost:8080/ourtori/2047343cd7d9de04db4c35d3d47e788aa7a09883/dangotes-negotiator--senior-strategists-lifeless-body-found-in-the-gutter-3-weeks-after-kidnap',2),(158,'Fashion Business Basics is a 6-part series by fashion entrepreneur with Isoken Ogiemwonyi, which will feature on BellaNaija. You may recall BN featured Isoken and her partner in the BN Making It series, back in 2011. Since then, she has gone on to achieve','https://www.bellanaija.com/wp-content/uploads/2016/12/IMG_9626-480x600-150x150.jpg','https://www.bellanaija.com/2016/12/fashion-business-basics-with-isoken-ogiemwonyi-production-sourcing-supply-chain/','Fashion Business Basics with Isoken Ogiemwonyi: Production, Sourcing & Supply Chain','6175ef1c1b3e1c418c9f2941534f64d2befc65d6','http://localhost:8080/ourtori/6175ef1c1b3e1c418c9f2941534f64d2befc65d6/fashion-business-basics-with-isoken-ogiemwonyi-production-sourcing--supply-chain',2),(159,'My journey to starting a Digital agency started when I was in my final year studying Computer Science at the University of Ibadan. The Google Online Marketing Challenge (GOMC) is an opportunity for students to learn Google Adwords. Google gives each team ','https://www.bellanaija.com/wp-content/uploads/2016/12/dreamstime_m_52827123-534x600-1-150x150.jpg','https://www.bellanaija.com/2016/12/webcoupers-so-you-want-to-start-a-digital-agency-consider-these-9-factors/','Webcoupers: So You Want to Start a Digital Agency… Consider these 9 Factors','88cf0ecff6a0b9864d25fd069c3d92c7d521def0','http://localhost:8080/ourtori/88cf0ecff6a0b9864d25fd069c3d92c7d521def0/webcoupers-so-you-want-to-start-a-digital-agency-consider-these-9-factors',2),(160,'Former Lagos State governor and APC Chieftain, Bola Tinubu, has said that he will not abandon the party, that he \"labored with others to build\" for another. He made this known in a series of tweets on Monday. The former governor said: In our Journey to na','https://www.bellanaija.com/wp-content/uploads/2016/12/Bola-Tinubu-Tweet-150x150.png','https://www.bellanaija.com/2016/12/i-will-not-abandon-a-party-that-i-laboured-with-others-to-build-bola-tinubu/','I will not abandon a Party that I “laboured with others to build” – Bola Tinubu','67677de8131ce19c106cde385b356d23b4a2f089','http://localhost:8080/ourtori/67677de8131ce19c106cde385b356d23b4a2f089/i-will-not-abandon-a-party-that-i-laboured-with-others-to-build--bola-tinubu',2),(161,'This weeks episode of Under 40 CEOs features Oluyomi Ojo. Oluyomi Ojo is the CEO at Printivo.com. He founded Printivo alongside two other great minds Ayodeji Adeogun and Ibukun Oloyede to make printing “suck less” for Nigerian SMEs, Corporations and the g','https://www.bellanaija.com/wp-content/uploads/2016/12/Oluyomi-Ojo_-Screen-Shot-2016-12-05-at-10.08.12_1_bellanaija-150x150.jpg','https://www.bellanaija.com/2016/12/bn-tv-watch-ceo-at-printivo-com-oluyomi-ojo-in-an-exclusive-chat-with-mr-fab-on-under-40-ceos/','BN TV: Watch CEO at Printivo.com Oluyomi Ojo in an Exclusive Chat with Mr. FAB on Under 40 CEOs','7adb0f6da6375e4ebc29e4ccd38ae38f3a988e45','http://localhost:8080/ourtori/7adb0f6da6375e4ebc29e4ccd38ae38f3a988e45/bn-tv-watch-ceo-at-printivocom-oluyomi-ojo-in-an-exclusive-chat-with-mr-fab-on-under-40-ceos',2),(162,'Why are sales executives given targets? Why do people go for a particular professional course? How and why did AY Makun’s movie, A Trip to Jamaica surpass the record of his previous movie? Why do people seek large followership on social media? How is the ','https://www.bellanaija.com/wp-content/uploads/2016/12/dreamstime_l_50038455-425x600-1-150x150.jpg','https://www.bellanaija.com/2016/12/work-mode-with-brown-uzoukwu-lack-of-curiosity-may-kill-your-career/','Work Mode with Brown Uzoukwu: Lack of Curiosity May Kill Your Career','ce5bb4cec3e55725c1b25005a03274b88e6f7e96','http://localhost:8080/ourtori/ce5bb4cec3e55725c1b25005a03274b88e6f7e96/work-mode-with-brown-uzoukwu-lack-of-curiosity-may-kill-your-career',2),(163,'On November 25th 2016, Paul Lehmann, the Australian High Commissioner to Nigeria, hosted a forum for social entrepreneurs, the private sector and the development community in Abuja. The theme of the event was “Reaching Millions with Impact,” which also se','https://www.bellanaija.com/wp-content/uploads/2016/12/Amina-Mohammed-and-Ndidi-Nwuneli3-600x400-1-150x150.jpg','https://www.bellanaija.com/2016/12/amina-mohammed-speaks-on-policy-and-scaling-initiatives-at-reaching-millions-with-impact-forum/','Amina Mohammed Speaks on Policy and Scaling Initiatives at ‘Reaching Millions with Impact’ Forum','ede45e475ffee729d146d7ecc75053bf8761e6b8','http://localhost:8080/ourtori/ede45e475ffee729d146d7ecc75053bf8761e6b8/amina-mohammed-speaks-on-policy-and-scaling-initiatives-at-reaching-millions-with-impact-forum',2),(164,'Sisters that haven\'t swam in Sapphic Seas scream, \"Sirs are scum!\" Some women say #MenAreScum based on romantic relationships with men gone awry. If only they knew women are capable of worse. Some drama queens bewail this “wonderful” axiom saying it’s a d','https://www.bellanaija.com/wp-content/uploads/2016/12/dreamstime_l_31074480-408x600-1-150x150.jpg','https://www.bellanaija.com/2016/12/cisi-eze-exploring-the-theory-of-scumitivity-are-men-truly-scum/','Cisi Eze: Exploring the Theory of Scumitivity – Are Men Truly Scum?','bad5b9dc0317cfd79ccab3136b4b3a797af84d98','http://localhost:8080/ourtori/bad5b9dc0317cfd79ccab3136b4b3a797af84d98/cisi-eze-exploring-the-theory-of-scumitivity--are-men-truly-scum',2),(165,'Supermodel Irina Shayk, 30, is expecting her first child with boyfriend Bradley Cooper, the couple have been dating since spring 2015. Irina is already in her second trimester. But you wouldn\'t know by looking at her—even when all she\'s wearing is lingeri','https://www.bellanaija.com/wp-content/uploads/2016/12/victoria-secret-fashion-show-irina-shayk_-GettyImages-626871546_2_bellanaija-150x150.jpg','https://www.bellanaija.com/2016/12/bradley-coopers-girlfriend-irina-shayk-was-pregnant-at-the-victoria-secret-fashion-show-no-one-knew/','Bradley Cooper’s Girlfriend Irina Shayk was Pregnant at the Victoria Secret Fashion Show & No One Knew!','3f0c0c5b3a6cc796dbf1a46a5ea53413d06807b5','http://localhost:8080/ourtori/3f0c0c5b3a6cc796dbf1a46a5ea53413d06807b5/bradley-coopers-girlfriend-irina-shayk-was-pregnant-at-the-victoria-secret-fashion-show--no-one-knew',2),(166,'Snapchat sensation, Bobrisky Greenwich Meet and Greet hosted his fans in London to a Meet and Greet at Shisha Bar, Greenwich, London on Sunday. Tickets for the events were sold at £20 (about 12,000 using the black market rate). A lady reportedly shed tear','https://www.bellanaija.com/wp-content/uploads/2016/12/Bobrisky-Greenwich-Meet-and-Greet3-150x150.png','https://www.bellanaija.com/2016/12/fans-pay-20-for-a-meet-and-greet-with-bobrisky-in-london/','Fans Pay £20 for a Meet and Greet with Bobrisky in London','a94154494d2d7f5bb1ddbb66ec8c2da34e629b76','http://localhost:8080/ourtori/a94154494d2d7f5bb1ddbb66ec8c2da34e629b76/fans-pay-20-for-a-meet-and-greet-with-bobrisky-in-london',2),(167,'The Women 4 Change Ministry of This Present House will host the next edition of the Women\'s Breakfast Prayer meeting, tomorrow at The Dome. Date: Tuesday, December 6th, 2016. Time: 9AM Venue: The Dome, This Present House, Freedom Way, Lekki phase 1. Pleas','https://www.bellanaija.com/wp-content/uploads/2016/12/BSITL-5-150x150.jpg','https://www.bellanaija.com/2016/12/the-present-house-presents-be-strong-in-the-lord-with-nkoyo-rapu-tomorrow-december-6th/','The Present House presents ‘Be Strong in the Lord’ with Nkoyo Rapu | Tomorrow, December 6th','10f0802fa49d1f1d58020594e8ba734c3f75658f','http://localhost:8080/ourtori/10f0802fa49d1f1d58020594e8ba734c3f75658f/the-present-house-presents-be-strong-in-the-lord-with-nkoyo-rapu--tomorrow-december-6th',2),(168,'The Ghana Movie Awards 2016 held last night, organised by Zylofon Media at the Kempinski Hotel, Accra. See the list of winners below Best Supporting Actress Jackie Appiah Discovery of the Year TV Series John Peassah (Drogba) - YOLO Favourite Actor Kwadwo ','https://www.bellanaija.com/wp-content/uploads/2016/12/Ghana-Movie-Awards_-Screen-Shot-2016-12-05-at-11.20.26_4_bellanaija-150x150.jpg','https://www.bellanaija.com/2016/12/jocelyn-dumas-van-vicker-jackie-appiah-more-at-the-ghana-movie-awards-2016/','Jocelyn Dumas, Van Vicker, Jackie Appiah & more at the Ghana Movie Awards 2016','2b9905ad7dcd73b66936e99001d8fda5ea5350cc','http://localhost:8080/ourtori/2b9905ad7dcd73b66936e99001d8fda5ea5350cc/jocelyn-dumas-van-vicker-jackie-appiah--more-at-the-ghana-movie-awards-2016',2),(169,'Authorities in Ghana have busted a fake U.S. embassy in the capital Accra, run by a criminal network that had issued legitimate, but fraudulently obtained visas for one decade, the U.S. State Department said in a statement. The statement noted that until ','https://www.bellanaija.com/wp-content/uploads/2016/12/U.S-Citizenship-Immigration-Services-600x338-1-150x150.png','https://www.bellanaija.com/2016/12/fake-u-s-embassy-in-ghana-shutdown-after-issuing-visas-for-10-years/','Fake U.S. Embassy in Ghana Shut down after Issuing Visas for 10 years','023d2765fd4dcbc3dee2d42dfc67c6e27898199d','http://localhost:8080/ourtori/023d2765fd4dcbc3dee2d42dfc67c6e27898199d/fake-us-embassy-in-ghana-shut-down-after-issuing-visas-for-10-years',2),(170,'The Ministry of Youth and Sports Development has commiserated with families of the three NYSC 2016 Batch \'B\' Corps members who died at three orientation camps last week. 26 year old Oladapo Ifedolapo Rachael (Osun) with state code KN/16B/1847 died in Gwar','https://www.bellanaija.com/wp-content/uploads/2016/12/Monday-Ukeme-and-Ifedolapo-Oladepo-150x150.png','https://www.bellanaija.com/2016/12/corps-members-death-fg-commiserates-with-families-of-fallen-heroes/','Corps Members’ Death: FG Commiserates with Families of Fallen Heroes','4693e5854cfda20d3530384b8e9589d0080555e5','http://localhost:8080/ourtori/4693e5854cfda20d3530384b8e9589d0080555e5/corps-members-death-fg-commiserates-with-families-of-fallen-heroes',2),(171,'For her first book reading since the launch of her memoir \"On Becoming\", Media Personality, Toke Makinwa, wore an embellished, skin colour mesh top from Tope FnR, with blue pants. She posted the photo above on Instagram and wrote: God\'s own project!!!!! T','https://www.bellanaija.com/wp-content/uploads/2016/12/Toke-Makinwa-150x150.png','https://www.bellanaija.com/2016/12/toke-makinwas-look-for-her-first-on-becoming-book-reading/','Toke Makinwa’s Look for her First “On Becoming” Book Reading','e7f4da6b0fcfead6b6fcf23654266996d0226dde','http://localhost:8080/ourtori/e7f4da6b0fcfead6b6fcf23654266996d0226dde/toke-makinwas-look-for-her-first-on-becoming-book-reading',2),(172,'To say it was an amazingly electrifying night would not do it adequate justice. It was phenomenal! The awe that captivated the audience from the moment they flocked into TBS ground at 6pm to when Tope Alabi released them at 5am was tangibly felt. It was a','https://www.bellanaija.com/wp-content/uploads/2016/12/MET_6676a-150x150.jpg','https://www.bellanaija.com/2016/12/revealing-experiencing-jesus-in-a-new-dimension-see-all-the-amazing-photos-from-te11-the-experience-2016/','Revealing & Experiencing Jesus in a New Dimension! See all the Amazing Photos from #TE11 – The Experience 2016','04423f8043a9452dbea3b90c8a193e692b1ea9d7','http://localhost:8080/ourtori/04423f8043a9452dbea3b90c8a193e692b1ea9d7/revealing--experiencing-jesus-in-a-new-dimension-see-all-the-amazing-photos-from-te11--the-experience-2016',2),(173,'Today\'s nail art tutorial is another guide to show you 10 more cute and super easy nail art designs that you can conveniently do at home just by using random items that you should have laying around your house! No professional nail art tools are required ','https://www.bellanaija.com/wp-content/uploads/2016/12/monday-manicure-bellanaija-150x150.jpg','https://www.bellanaija.com/2016/12/monday-manicure-get-your-toothpicks-bobby-pins-out-10-quick-easy-nail-art-designs-using-household-items-part-2/','Monday Manicure: Get your Toothpicks & Bobby Pins Out! 10 Quick & Easy Nail Art Designs Using Household Items PART 2','e5696d20ff195fa67762bdf538530356811e07c3','http://localhost:8080/ourtori/e5696d20ff195fa67762bdf538530356811e07c3/monday-manicure-get-your-toothpicks--bobby-pins-out-10-quick--easy-nail-art-designs-using-household-items-part-2',2),(174,'Meet representatives from Coventry University UK to discuss study options, life in the UK, student UK visa, scholarships, discounts for the January 2017 academic session in Abuja and Port Harcourt on: Abuja Date: Tuesday, December 6th, 2016. Time: 11am - ','https://www.bellanaija.com/wp-content/uploads/2016/12/Blog-post-image-November-2016-150x150.jpeg','https://www.bellanaija.com/2016/12/apply-for-the-january-2017-academic-session-at-coventry-university-meet-with-representative-in-lagos-abuja-december-6th-8th/','Apply for January 2017 Academic Session at Coventry University – Meet with Representative in Abuja & Port Harcourt | December 6th – 8th','0f6d2910c05413161741a9178c4db3bee91799ad','http://localhost:8080/ourtori/0f6d2910c05413161741a9178c4db3bee91799ad/apply-for-january-2017-academic-session-at-coventry-university--meet-with-representative-in-abuja--port-harcourt--december-6th--8th',2),(175,'An American woman, business entrepreneur, Deborah Hendrickson is crying out after her Nigerian husband, Tony Ettah, according to her, \'scammed her, used her to get to the US and then dumped her after he got his Greencard. Read her story below... I don\'t k','https://4.bp.blogspot.com/-XyMA7tr4n8o/WFN8NGW18wI/AAAAAAALMGA/vmXKqzTrTmMmCBmAR1_CwYtnoTGNEgnywCLcB/s400/1g.png','http://www.lindaikejisblog.com/2016/12/american-woman-cries-out-as-nigerian.html','American woman cries out as Nigerian husband scams and leaves her after he obtains his Green Card','07b6c6de8bd4a4d8c5eb802419c0a04b8009a048','http://localhost:8080/ourtori/07b6c6de8bd4a4d8c5eb802419c0a04b8009a048/american-woman-cries-out-as-nigerian-husband-scams-and-leaves-her-after-he-obtains-his-green-card',1),(176,'Daughter of the Vice President, Kiki Osinbajo stepped out in this lovely red gown.','https://3.bp.blogspot.com/-hzoRCRPyJc4/WFN60_IUOrI/AAAAAAALMF0/n134HMnWoqgmSmr7EhtAEXeqDxd-ccIFACLcB/s400/1.png','http://www.lindaikejisblog.com/2016/12/kiki-osinbajo-steps-out-in-lovely-gown.html','Kiki Osinbajo steps out in lovely gown','a7270aba2462b711e8df7ca99946a167c88523ac','http://localhost:8080/ourtori/a7270aba2462b711e8df7ca99946a167c88523ac/kiki-osinbajo-steps-out-in-lovely-gown',1),(177,'Ebuka Nwobu, the visual production manager of Mavin Record, emerged winner at the just concluded First Stars reality show – a filmmaking reality TV show in Nigeria. First Stars is an initiative of First Bank of Nigeria, FBN, in conjunction with EbonyLife ','https://3.bp.blogspot.com/-_FWW_lJoHTM/WFN5MBsGFyI/AAAAAAALMFg/5Wck8VSdRFsPPm2Nhg1qnHgHtMIZ0UMAgCLcB/s400/1.png','http://www.lindaikejisblog.com/2016/12/mavin-records-visual-production-manager.html','Mavin Record’s visual production manager emerges winner of the First Stars 2016 reality show, gets N5 million','c4e6f642da3d5d6e7833e3d652f95c80f9d9c9ca','http://localhost:8080/ourtori/c4e6f642da3d5d6e7833e3d652f95c80f9d9c9ca/mavin-records-visual-production-manager-emerges-winner-of-the-first-stars-2016-reality-show-gets-n5-million',1),(178,'The high powered investigation team set up by the Inspector General of Police, IGP Ibrahim K. Idris, NPM, mni and saddled with the responsibility of investigating the circumstances surrounding the gruesome murder of DSP Mohammed Alkali in Rivers State dur','https://1.bp.blogspot.com/-a6TyuDYEtS8/WFN4gYQ6EVI/AAAAAAALMFU/IW80qAkbdMoSKNj6-njNYR2wKx31-pz3QCLcB/s400/1.png','http://www.lindaikejisblog.com/2016/12/rivers-rerun-killers-of-police-officer.html','Rivers Rerun: Killers of police officer DSP Mohammed Alkali arrested','8a8ce39629c34b90c92addfb9f6c322f34fe6087','http://localhost:8080/ourtori/8a8ce39629c34b90c92addfb9f6c322f34fe6087/rivers-rerun-killers-of-police-officer-dsp-mohammed-alkali-arrested',1),(179,'A lady has narrated how former Miss World, Agbani Darego helped her with her teething daughter while aboard a flight from Lagos to Dubai. She said she had no idea it was Agbani Darego until someone walked up to her and called her name. Read her story belo','https://1.bp.blogspot.com/-dxv0lfq41AI/WFN4GDkfD0I/AAAAAAALMFQ/BNHCVXSUXJgAgmoPeHPu7ULZhzGq7C3jQCLcB/s640/1.png','http://www.lindaikejisblog.com/2016/12/lady-narrates-how-former-miss-world.html','Lady narrates how former Miss World, Agbani Darego helped her with her little daughter aboard a flight','24a0f0ff08d5595eb911126891e3a3573958271d','http://localhost:8080/ourtori/24a0f0ff08d5595eb911126891e3a3573958271d/lady-narrates-how-former-miss-world-agbani-darego-helped-her-with-her-little-daughter-aboard-a-flight',1),(180,'The joint military force, Operation Delta Safe, deployed to the Niger Delta, says its troops have arrested two militants believed to be behind recent attacks on oil infrastructure in the region. Rear Admiral Suileman Apochi, Commander of Operation Delta S','https://3.bp.blogspot.com/-Q4FV8jUpccU/WFN3zdvwPcI/AAAAAAALMFM/aSqlz-F90UQetd4d8pU5qijkA8NumYa1wCLcB/s400/1.png','http://www.lindaikejisblog.com/2016/12/photo-suspected-militants-arrested-over.html','Photo: Suspected militants arrested over recent attacks on oil facilities in Niger Delta','beed8e50d6fb2a4c7281fc8002d6ed214ec0e84c','http://localhost:8080/ourtori/beed8e50d6fb2a4c7281fc8002d6ed214ec0e84c/photo-suspected-militants-arrested-over-recent-attacks-on-oil-facilities-in-niger-delta',1),(181,'As posted by an Instagram user. Kayan Zance is the part of Northern wedding ceremony where the groom\'s family provides a number of items to the bride. Another photo after the cut..','https://3.bp.blogspot.com/-c40rtQG3rmM/WFN2qSLDtJI/AAAAAAALMFA/aRItfGSaPe8aEkK2DS8TUTl9FLBDooIYQCLcB/s400/1.png','http://www.lindaikejisblog.com/2016/12/kayan-zance-check-out-gift-items.html','Kayan Zance: Check out gift items reportedly presented to a Northern Nigerian bride by her groom\'s family','34039daaca099b462d8840bcb8a5dd7c670538f6','http://localhost:8080/ourtori/34039daaca099b462d8840bcb8a5dd7c670538f6/kayan-zance-check-out-gift-items-reportedly-presented-to-a-northern-nigerian-bride-by-her-grooms-family',1),(182,'Oluwagbeminiyi  Osidipe took to Instagram to narrate the harsh treatment she got from a restaurant because of her hairstyle. She said she wasn\'t allowed  into the restaurant because of her hair while ladies wearing weavons were allowed in. Read what she w','https://4.bp.blogspot.com/-OeoDEeNm2AU/WFN2JHstxII/AAAAAAALME8/kFYWK1XAr_cU6gGNTW2W9xugcZ2KWD8QQCLcB/s640/1.png','http://www.lindaikejisblog.com/2016/12/lady-denied-entrance-into-restaurant.html','Lady denied entrance into a restaurant because of her \'local\' hairstyle','25937bfc383e2fa3be0657a004dc0fb55906408b','http://localhost:8080/ourtori/25937bfc383e2fa3be0657a004dc0fb55906408b/lady-denied-entrance-into-a-restaurant-because-of-her-local-hairstyle',1),(183,'Chelsea won their 10th straight Premier League game at the Stadium of Light on Wednesday and are just one victory away from matching the club record 11 straight wins achieved in the 2008-09 and 2009-10 seasons. Luck and history also appear to be on their ','https://1.bp.blogspot.com/-GD9Mx2oN4-E/WFN4yMoE15I/AAAAAAALMFY/xbUCtkYmEMgdUtFCgs40WzzBDyUMOvKJwCLcB/s400/1a.png','http://www.lindaikejisblog.com/2016/12/interesting-bit-of-trivia-for-chelsea.html','Interesting bit of trivia for Chelsea fans','4a9ff6859717b3ab6dbb236a21b89de6db4912e9','http://localhost:8080/ourtori/4a9ff6859717b3ab6dbb236a21b89de6db4912e9/interesting-bit-of-trivia-for-chelsea-fans',1),(184,'6 students of Federal Government Girls’ College Abaji, Abuja, narrowly escaped death while travelling home for the Christmas holiday. The incident occurred this morning on the Lokoja-Abuja highway. The driver of the Honda Jeep carrying the girls tried to ','https://3.bp.blogspot.com/-ylOUdOB_kqs/WFN1awoEgLI/AAAAAAALMEs/37J3QGZFuaAANSOt50gBewrMXrO0aOQLwCLcB/s400/1.png','http://www.lindaikejisblog.com/2016/12/fggc-abaji-students-escape-death-in.html','FGGC Abaji students escape death in road crash','fe607bdc98abca59f677c37e33a7cff704b39c68','http://localhost:8080/ourtori/fe607bdc98abca59f677c37e33a7cff704b39c68/fggc-abaji-students-escape-death-in-road-crash',1),(185,'The officers and men of the Federal Operations Unit Zone ‘C’ Owerri has continued to record success in its anti-smuggling drive in the zone with seizures of items worth millions in duty paid value. A 1X40 FT container with marks numbers MRKU 254564 loaded','https://3.bp.blogspot.com/-hCnvx9Mp2Nc/WFN0xsCVJbI/AAAAAAALMEg/LhYLo0xBtUAehHSeHh1-S985U1S48eOCACLcB/s400/1.png','http://www.lindaikejisblog.com/2016/12/photos-nigeria-customs-intercepts-1017.html','Photos: Nigeria Customs intercepts 1,017 sacks of 50kg Indian hemp','a991ed6038dca35bac25cbc0aad585b7bfeaf0b7','http://localhost:8080/ourtori/a991ed6038dca35bac25cbc0aad585b7bfeaf0b7/photos-nigeria-customs-intercepts-1017-sacks-of-50kg-indian-hemp',1),(186,'Let\'s see how many of you can follow simple instruction. Lol.','https://3.bp.blogspot.com/-dNccJSs-_b8/WFN3D6MjDGI/AAAAAAALMFI/BbKMkLwDmzYE399WnZnyPTbCCdBJilZXgCLcB/s400/1a.jpg','http://www.lindaikejisblog.com/2016/12/write-any-word-that-starts-with-p-and.html','Write any word that starts with P and ends with Y','54e4ccd2bbee276f5e51cbb8e9935ec99a70322c','http://localhost:8080/ourtori/54e4ccd2bbee276f5e51cbb8e9935ec99a70322c/write-any-word-that-starts-with-p-and-ends-with-y',1),(187,'The photos were posted by a Vietnamese Facebook user. More photos after the cut...','https://2.bp.blogspot.com/-pwz_fbdSxOQ/WFN0B1KBKCI/AAAAAAALMEM/wuIF2HcJY2Qkh_eLrnvE_0ZHj6LzPXg6ACLcB/s400/1.png','http://www.lindaikejisblog.com/2016/12/ewww-see-photos-from-barbecue-joint.html','Ewww! See photos from a barbecue joint','3f1afbb493d6518a8a48e7717ccc3acb54edfb1b','http://localhost:8080/ourtori/3f1afbb493d6518a8a48e7717ccc3acb54edfb1b/ewww-see-photos-from-a-barbecue-joint',1),(188,'A Nigerian couple who were primary school classmates reunited and are set to tie the knot. Olu and Nike are due to marry at on Saturday, December 17th. Here is their story as shared by the photographer, CoralConfetti on Instagram. Read their story below:','https://2.bp.blogspot.com/-nbJJTuVo94o/WFNzRZnEzmI/AAAAAAALMEA/FW1yKzQXRUcljDd7svMgKdPz16wwL7I2QCLcB/s400/1.png','http://www.lindaikejisblog.com/2016/12/nigerian-couple-who-were-primary-school.html','Nigerian couple who were primary school classmates set to wed (photos)','66a118e9667919b7273a0e0970fa18a60758545c','http://localhost:8080/ourtori/66a118e9667919b7273a0e0970fa18a60758545c/nigerian-couple-who-were-primary-school-classmates-set-to-wed-photos',1),(189,'Corps members showed off this Calisthenics display at the closing of 2016 Batch B (Stream1) Orientation in Kaduna State','https://1.bp.blogspot.com/-innFIhnRtJM/WFNyo83dMOI/AAAAAAALMD8/pDpCcp8nQDw_XrcgBF-KPnmMDwZUr8r3gCLcB/s640/1.png','http://www.lindaikejisblog.com/2016/12/photo-check-out-this-calisthenics.html','Photo: Check out this Calisthenics display by corps members at Kaduna Orientation camp','b126c301e6a7d51cee6b7ccb3b07e198ecdfde8a','http://localhost:8080/ourtori/b126c301e6a7d51cee6b7ccb3b07e198ecdfde8a/photo-check-out-this-calisthenics-display-by-corps-members-at-kaduna-orientation-camp',1),(190,'The Economic and Financial Crimes Commission, EFCC, on Thursday 15th December, quizzed four suspected oil thieves - John Deppa, Henry Lazarus, Inyene James and Godspower Goodluck for allegedly dealing in petroleum products suspected to be refined Automoti','https://4.bp.blogspot.com/-lXoDHzzqZjM/WFNyGH-nr2I/AAAAAAALMDs/519JJCAtAU8TF1vgI94APFcGH4fg-CfSACLcB/s400/1.png','http://www.lindaikejisblog.com/2016/12/photos-four-suspected-oil-thieves.html','Photos: Four suspected oil thieves arrested in Rivers State','8d0c7db74db8d38e7cddd253db6b57374933f0cb','http://localhost:8080/ourtori/8d0c7db74db8d38e7cddd253db6b57374933f0cb/photos-four-suspected-oil-thieves-arrested-in-rivers-state',1),(191,'Pastors should speak the truth, but at the same time welcome people for what they are able to give: this is the first step; the rest we leave to the Lord. That was the message of Pope Francis at the daily Mass at the Casa Santa Marta on Thursday, December','https://2.bp.blogspot.com/-kXOJZtYBRDQ/WFNxUDmo-FI/AAAAAAALMDo/kJbZeBUgsEcuIsyrG2BRH1eU601U_QicwCEw/s400/1.png','http://www.lindaikejisblog.com/2016/12/pastors-should-speak-truth-welcome.html','\"Pastors should speak the truth, welcome people\'s first steps; God will do the rest\"- Pope','8a8a0edf3dc9025fe0ad57cd21e716a5e668c394','http://localhost:8080/ourtori/8a8a0edf3dc9025fe0ad57cd21e716a5e668c394/pastors-should-speak-the-truth-welcome-peoples-first-steps-god-will-do-the-rest-pope',1),(192,'The exquisite luxury cake took a \"crazy amount of hours\" to make, according to the baker, Relia and France. It was for Zahra Buhari\'s Cinderalla-themed Royal Ball held yesterday night.','https://2.bp.blogspot.com/-cqZvZj4b5jc/WFNwmt4PQ6I/AAAAAAALMDc/nq5ByHPYRbYrPyKjY-Gs-sAjjd4p3bEeQCLcB/s400/1.png','http://www.lindaikejisblog.com/2016/12/photo-check-out-luxury-cake-for-zahra.html','Photo: Check out the luxury cake for Zahra Buhari\'s Cinderella-themed Royal Ball','1ed2c5579e1a32c414d768464ff598804c7cd31f','http://localhost:8080/ourtori/1ed2c5579e1a32c414d768464ff598804c7cd31f/photo-check-out-the-luxury-cake-for-zahra-buharis-cinderellathemed-royal-ball',1),(193,'Though beaten in the final by theNigeria national women’s team, the Super Falcons, the runners-up of the 10th Women\'s AFCON, the Indomitable Lionesses of Cameroon were given a warm reception by President Paul Biya and his wife Chantal Biya and the First L','https://2.bp.blogspot.com/-dYf9Wv1LZV4/WFNucgP2MII/AAAAAAALMC8/o0IYDMt-drgNHq5yXIYEpdLyBxPcIDCQQCEw/s400/1e.png','http://www.lindaikejisblog.com/2016/12/president-biya-and-wife-host.html','President Biya and wife host the Indomitable Lionesses of Cameroon, praise their dedication and hard work','c72667caaebf874a745528a24598b1d53412e3aa','http://localhost:8080/ourtori/c72667caaebf874a745528a24598b1d53412e3aa/president-biya-and-wife-host-the-indomitable-lionesses-of-cameroon-praise-their-dedication-and-hard-work',1),(194,'Dylann Roof was found guilty and convicted Thursday in the chilling slaughter of nine black church members who had welcomed him to their Bible study. The same federal jury that found Roof guilty of all 33 counts will reconvene next month to hear more test','https://3.bp.blogspot.com/-swlfejPYaok/WFNsg0eVSmI/AAAAAAALMCU/bNFJ5rozP5AwUpnfuPyBFISvDG-A3o6AACLcB/s400/1.png','http://www.lindaikejisblog.com/2016/12/dylann-roof-convicted-of-all-counts-in.html','Dylann Roof convicted of all counts in church slaughter','0b3b6cf9f9e97ca2fdf595ef4beb6299fe6b0e0e','http://localhost:8080/ourtori/0b3b6cf9f9e97ca2fdf595ef4beb6299fe6b0e0e/dylann-roof-convicted-of-all-counts-in-church-slaughter',1),(195,'Twitter user Ikwerreman posted a photo of his high school teacher, whom he met on the streets of Port Harcourt, Rivers State. According to him, she taught him social Studies in Secondary school from 1982-1985.','https://2.bp.blogspot.com/-2CpL627FrrQ/WFNq3IyLtVI/AAAAAAALMCE/SqlENG0umjwnwVA3eceub81QPTTDhfHPwCLcB/s400/1.png','http://www.lindaikejisblog.com/2016/12/photo-man-meets-teacher-who-taught-him.html','Photo: Man meets teacher who taught him Social Studies in the 80s, on the streets of Port Harcourt','3163133676c1aec532fdf14ce1209913ab4bbc59','http://localhost:8080/ourtori/3163133676c1aec532fdf14ce1209913ab4bbc59/photo-man-meets-teacher-who-taught-him-social-studies-in-the-80s-on-the-streets-of-port-harcourt',1),(196,'Soulja Boy has been arrested by Los Angeles police on a suspected probation violation after they found a firearm in his Hollywood Hills home on Thursday. Soulja boy and Quavo have been beefing online for a while and on Dec5th, Soulja boy made verbal threa','https://2.bp.blogspot.com/-7QO3OM7h0eI/WFNzsALJAYI/AAAAAAALMEI/EwXr5OSpDWcErswv-UzeK-4C14nDIz6pQCLcB/s400/1.png','http://www.lindaikejisblog.com/2016/12/soulja-boy-arrested-in-los-angeles-for_16.html','Soulja Boy arrested in Los Angeles for gun probation violation','ef74821b502feda3d4637ad2f0995f4391a15ead','http://localhost:8080/ourtori/ef74821b502feda3d4637ad2f0995f4391a15ead/soulja-boy-arrested-in-los-angeles-for-gun-probation-violation',1),(197,'A customary court in Igando, Lagos state Thursday dissolved a two year old marriage over the wife’s constant checking of her husband’s phone. 35 year old engineer, Andrew Epu had dragged his 32 year old wife, Tina, before the court, asking for a divorce. ','https://3.bp.blogspot.com/-6tSsLuH8Mrc/WFNmv-yqucI/AAAAAAALMBw/WJelQcgGBssKZTFwUMjf-eorbVHjOdcYQCLcB/s400/1.png','http://www.lindaikejisblog.com/2016/12/court-dissolves-2-year-old-marriage.html','Court dissolves 2 year old marriage over wife’s constant checking of husband’s phone','8557f3172e99f1f85135d9591cf814af2178682c','http://localhost:8080/ourtori/8557f3172e99f1f85135d9591cf814af2178682c/court-dissolves-2-year-old-marriage-over-wifes-constant-checking-of-husbands-phone',1),(198,'Pregnant model, Irina Shayk who is expecting her first child with actor Bradley Cooper, was seen out and about in Los Angeles, on Wednesday sporting a stunning emerald-and-diamond ring. More photos after the cut...','https://4.bp.blogspot.com/-dmlCd8XR4E4/WFNcNmFnayI/AAAAAAALL_8/GnoV87Tzy4IB0LpBuGMZAWutwGSMAZfrQCLcB/s400/1.png','http://www.lindaikejisblog.com/2016/12/irina-shayk-shows-off-emerald-and.html','Irina Shayk shows off emerald-and-diamond engagement ring','2ae98e772c4584f0e31339c832bc862744cce614','http://localhost:8080/ourtori/2ae98e772c4584f0e31339c832bc862744cce614/irina-shayk-shows-off-emeraldanddiamond-engagement-ring',1),(199,'NairaBet founder, Akin Alabi, shared this via social media, as he spoke to some lawyers at a legal seminar in Ibadan Oyo state Thursday.','https://1.bp.blogspot.com/-ko02vZZe62I/WFNlqaGsP_I/AAAAAAALMBo/UXzocdFtFI0qDSL6IxEQAPRrk8AtYPqTwCLcB/s400/1.png','http://www.lindaikejisblog.com/2016/12/i-failed-jamb-but-im-speaking-to.html','\'I failed Jamb but I\'m speaking to lawyers\' - Businessman, Akin Alabi','e457ead8e15d3b848394ab30da99b8f5519afcae','http://localhost:8080/ourtori/e457ead8e15d3b848394ab30da99b8f5519afcae/i-failed-jamb-but-im-speaking-to-lawyers--businessman-akin-alabi',1),(200,'Chrissy Teigen who is in the holiday spirit stepped out with her baby Luna, in New York, while husband John Legend is in Paris. More photos after the cut...','https://3.bp.blogspot.com/-zLcBdFOonk0/WFNgUxl8_vI/AAAAAAALMAo/OA9hHbDL2AkKxbfsvEg6yQIKCJOZSoXsgCLcB/s400/1a.jpg','http://www.lindaikejisblog.com/2016/12/chrissy-teigen-steps-out-with-baby-luna.html','Chrissy Teigen steps out with baby Luna','3c7b584711a6b1eb165880afdcbdb1ac6d2ca6e2','http://localhost:8080/ourtori/3c7b584711a6b1eb165880afdcbdb1ac6d2ca6e2/chrissy-teigen-steps-out-with-baby-luna',1),(201,'Toke Makinwa looked absolutely stunning as she attended her book launch \'On becoming\' in Abuja. Another photo after the cut...','https://2.bp.blogspot.com/-doEsytqMTKI/WFNiXY7EgEI/AAAAAAALMBI/LCq_ZMPASF4mmxIv-1N5TCAd4HzGgvi2wCLcB/s400/1a.png','http://www.lindaikejisblog.com/2016/12/toke-makinwas-stunning-look-to-her-book.html','Toke Makinwa\'s stunning look to her book launch in Abuja','4beed51f96952fbba2654f5f90b22e4278e4fcc9','http://localhost:8080/ourtori/4beed51f96952fbba2654f5f90b22e4278e4fcc9/toke-makinwas-stunning-look-to-her-book-launch-in-abuja',1),(202,'Actor Ryan Reynolds, his wife, actress Blake Lively and their two children appeared in public together as a family for the first time to attend the honor Ryan received on the Hollywood Walk of Fame. Ryan Reynolds was honored with a star on the Hollywood W','https://4.bp.blogspot.com/--397QIT-SZc/WFNj8R8pCZI/AAAAAAALMBY/YyAi33vyvyMOhh4Hfb4aIzbrc9IIQfBMACLcB/s400/1.png','http://www.lindaikejisblog.com/2016/12/ryan-reynolds-and-blake-livelys.html','Ryan Reynolds and Blake Lively\'s children make their first public appearance at Hollywood Walk of Fame ceremony','cd921ab9b61dfd2989f5a32fe980d2b11dd9fe3b','http://localhost:8080/ourtori/cd921ab9b61dfd2989f5a32fe980d2b11dd9fe3b/ryan-reynolds-and-blake-livelys-children-make-their-first-public-appearance-at-hollywood-walk-of-fame-ceremony',1),(203,'An uncompleted two story building collapsed in Makinde Street, Ikeja, Thursday. According to RRS operatives at the scene, the owner of the collapsed building is reportedly based overseas. The Lagos State Building Control Agency (LASBCA) had earlier served','https://4.bp.blogspot.com/-htU-2oYlpSs/WFNfwz1VzGI/AAAAAAALMAQ/7QtYcNWFFbAbfkmbhWGL0mFFG9esDhhUACLcB/s400/1.png','http://www.lindaikejisblog.com/2016/12/photos-uncompleted-two-storey-building.html','Photos: Uncompleted two storey building collapses in Lagos, artisans abscond','4e30cf0c80fd699c6b64757a7f26673e66e4f9fe','http://localhost:8080/ourtori/4e30cf0c80fd699c6b64757a7f26673e66e4f9fe/photos-uncompleted-two-storey-building-collapses-in-lagos-artisans-abscond',1),(204,'Lol.','https://3.bp.blogspot.com/-QWGC2I4fUzI/WFNW0qJY48I/AAAAAAALL_o/1e8yj3WcFTcuPpSFzfRIXUXaU68fTyZIwCLcB/s400/1.png','http://www.lindaikejisblog.com/2016/12/whose-uncle-is-this.html','Whose Uncle is this?','686c455b99e035a1773eb2bcf814e7e671b42a4b','http://localhost:8080/ourtori/686c455b99e035a1773eb2bcf814e7e671b42a4b/whose-uncle-is-this',1),(205,'This New York man held up a full train by standing in the doorway and refusing to let the doors close so the train could leave the station. Some passengers who needed to be at their respective destinations kept asking him to leave but when he refused, he ','https://1.bp.blogspot.com/-e9PeJPQFpgQ/V9FfpsBrM3I/AAAAAAAKa5w/hIJ7473fLKchHsBVcBcOQbwSFZCq1n6AACLcB/s1600/unnamed.jpg','http://www.lindaikejisblog.com/2016/12/lol-new-york-man-holds-up-train-from.html','Lol. New York man holds up a train from leaving and gets instant justice','c7d54fdae9359e4de5eee3b2340396325c38f708','http://localhost:8080/ourtori/c7d54fdae9359e4de5eee3b2340396325c38f708/lol-new-york-man-holds-up-a-train-from-leaving-and-gets-instant-justice',1),(206,' Twitter user, Humility shared his story in order to inspire anyone who wants to quit. According to him, it took him 6 years to graduate from college after he repeated threes classes and survived a car crash','https://1.bp.blogspot.com/-QNh9wDq1jYY/WFLBwGrIQjI/AAAAAAALL5w/8T4gnx833Js4Wml4QlOpuI2dJWEWgA2LwCLcB/s400/mmmm.png','http://www.lindaikejisblog.com/2016/12/man-finally-graduates-from-college.html','Man finally graduates from college after repeating classes & surviving a car crash','b54b4398e465d20fb4513207fb300c9adaa95b18','http://localhost:8080/ourtori/b54b4398e465d20fb4513207fb300c9adaa95b18/man-finally-graduates-from-college-after-repeating-classes--surviving-a-car-crash',1),(207,'This morning, we heard the audio released by Sahara Reporters purported to be Rivers state governor, Wike threatening to kill an INEC official. The Rivers state government has reacted to this, saying Wike\'s was impersonated and blamed APC. Read the statem','https://3.bp.blogspot.com/-fawgztsPNOY/WFMESqr5moI/AAAAAAALL-w/F6iDAO7rWTcAr1dintSLQLCdZgoASLWmACLcB/s1600/wike1.jpg','http://www.lindaikejisblog.com/2016/12/rivers-govt-says-gov-wike-was.html','Rivers Govt says Gov. Wike was impersonated in the audio leak where he threatened to kill an INEC official','7cb14cb833d70347a64cecbd43fb418a984833fa','http://localhost:8080/ourtori/7cb14cb833d70347a64cecbd43fb418a984833fa/rivers-govt-says-gov-wike-was-impersonated-in-the-audio-leak-where-he-threatened-to-kill-an-inec-official',1),(208,'Actor, Prince Eke shared a photo with his twins and captioned it \"Walk a mile in my shoes .... #MyOnlyFamily #AwesomeGod#Okwuluoka #MrHumility #Gladiator #NoPlusNoMinus\" Yesterday, he declared himself a single father after he accused his wife and mother o','https://3.bp.blogspot.com/-4XAzwQxPOzM/WFMCqTtf3WI/AAAAAAALL-k/-BujEYHhPOg0QRuiKq-zsY_gfIGgM5aOgCLcB/s1600/k.png','http://www.lindaikejisblog.com/2016/12/walk-mile-in-my-shoes-prince-eke-says.html','\"Walk a mile in my shoes\" Prince Eke says as he steps out with his twins','a6497640a05f7b1eaa0b4ed7af143b5f2b2a63ab','http://localhost:8080/ourtori/a6497640a05f7b1eaa0b4ed7af143b5f2b2a63ab/walk-a-mile-in-my-shoes-prince-eke-says-as-he-steps-out-with-his-twins',1),(209,'The Ministers, including red-beret wearing Minister of Youths and Sports Solomon Dalung, were reportedly caught sleeping while President Buhari was presenting the 2017 budget to the joint session of the National Assembly on Wednesday.','https://3.bp.blogspot.com/-h8BEkTXIH3g/WFMAOGie5iI/AAAAAAALL-Y/_mmULC-ijH0tsWcQzIvUcjYAFh-yV8aNwCLcB/s1600/unnamed.jpg','http://www.lindaikejisblog.com/2016/12/photo-president-buharis-ministers.html','Photo: President Buhari\'s Ministers reportedly caught sleeping during the 2017 budget presentation','7125ff218bb966e8b4b7a86bbe57394aacf46b2c','http://localhost:8080/ourtori/7125ff218bb966e8b4b7a86bbe57394aacf46b2c/photo-president-buharis-ministers-reportedly-caught-sleeping-during-the-2017-budget-presentation',1),(210,'A Nigerian father shared the school examination timetable he found in his daughter\'s room, with some interesting inscriptions...','https://1.bp.blogspot.com/-zhQ88rom9Ao/WFL92fRjbEI/AAAAAAALL-I/CNC7RjQsrDYxLC8aGPshpytPwG5qPfQiQCLcB/s1600/jk.jpg','http://www.lindaikejisblog.com/2016/12/when-young-girl-strives-to-succeed-to.html','When a young girl strives to succeed to avoid her father\'s wrath (photo)','f4ae3782724965dd2883bb13b586610b47c20171','http://localhost:8080/ourtori/f4ae3782724965dd2883bb13b586610b47c20171/when-a-young-girl-strives-to-succeed-to-avoid-her-fathers-wrath-photo',1),(211,'Future must be fuming somewhere...lol','https://2.bp.blogspot.com/--iEdvQBDlDw/WFL7FVlcP-I/AAAAAAALL-A/dJVtaMcptOElzfQZBedzkMQJ_QkRuvcpQCLcB/s1600/15306685_1631824733785764_5254797666663006208_n.jpg','http://www.lindaikejisblog.com/2016/12/ciara-calls-husband-russell-wilson.html','Ciara calls husband Russell Wilson the father of her two kids...:-)','be166ca89e5127243d5f064220db229745b6875a','http://localhost:8080/ourtori/be166ca89e5127243d5f064220db229745b6875a/ciara-calls-husband-russell-wilson-the-father-of-her-two-kids',1),(212,'The Secretary-General-designate, António Guterres, announced the appointment of Nigeria\'s current Minister of Environment, Amina J. Mohammed as his Deputy Secretary-General.','https://1.bp.blogspot.com/-dBVCdnXJo48/WFL5pC-QK3I/AAAAAAALL94/9ilKC11QCEQygYw4Tm0ekWr7iCDc8Rr-QCLcB/s1600/unnamed.png','http://www.lindaikejisblog.com/2016/12/minister-of-environment-amina-mohammed_15.html','Minister of Environment, Amina Mohammed announced as UN Deputy Secretary General','7ba150d4ae8cb9e93fd5a6939323c512a4457f77','http://localhost:8080/ourtori/7ba150d4ae8cb9e93fd5a6939323c512a4457f77/minister-of-environment-amina-mohammed-announced-as-un-deputy-secretary-general',1),(213,'Nigerian singer/songwriter Asa wore a white, long-sleeve dress by Maki Oh with slit that went all the way to almost her shapely butt. Work it, girl!','https://4.bp.blogspot.com/-ZUEC2p8r0oM/WFL4OKbwR4I/AAAAAAALL9w/Xg7eN_34Emsj6UdxBSKRNjoIZ0md6bgbQCLcB/s1600/j.jpg','http://www.lindaikejisblog.com/2016/12/sexy-singer-asa-wears-dress-with-very.html','Sexy! Singer Asa wears dress with a very high back slit (photo)','fba5134e0aa8e9a9e44a727baecf27e8617818fa','http://localhost:8080/ourtori/fba5134e0aa8e9a9e44a727baecf27e8617818fa/sexy-singer-asa-wears-dress-with-a-very-high-back-slit-photo',1),(214,'The photo was taken in 2013 when they were still dating. They got married in April 2014....','https://4.bp.blogspot.com/-Orn4WUGlRu4/WFL3VVMSEkI/AAAAAAALL9s/AZts89owqIEZFgPe__vbO_hifxGuBITJgCLcB/s1600/k.png','http://www.lindaikejisblog.com/2016/12/actress-uche-nnanna-shares-throwback.html','Actress Uche Nnanna shares throwback photo of herself and hubby sharing a kiss at the airport','fc7cd3e1b2d887169b5be7494504b3b279da5921','http://localhost:8080/ourtori/fc7cd3e1b2d887169b5be7494504b3b279da5921/actress-uche-nnanna-shares-throwback-photo-of-herself-and-hubby-sharing-a-kiss-at-the-airport',1),(215,'Chanel Nicole is such an adorable, happy little girl...','https://4.bp.blogspot.com/-UVQrB2crMy4/WFL2QuYjJmI/AAAAAAALL9g/g_ex105hH4wavaf02XcpYYr9O4ACH80cgCLcB/s1600/j4.jpg','http://www.lindaikejisblog.com/2016/12/adorable-new-photo-of-ice-t-cocos.html','Adorable new photo of Ice T & Coco\'s daughter, Chanel','35e56af22156b84b3994f3b8052f9e53f9c078fa','http://localhost:8080/ourtori/35e56af22156b84b3994f3b8052f9e53f9c078fa/adorable-new-photo-of-ice-t--cocos-daughter-chanel',1),(216,'Photo Credit: Dave Sucre. See another photo after the cut...','https://1.bp.blogspot.com/-NqVN9wAvJt4/WFL1Q4cAiZI/AAAAAAALL9Y/nUctGMExnicBhVx2KlFVdiTKjzWh8mzSACLcB/s1600/6.jpg','http://www.lindaikejisblog.com/2016/12/tiwa-savage-son-jamil-all-smiles-in.html','Tiwa Savage & son, Jamil, all smiles in lovely new photos','a875ba84be07519689d115e22c7c3a4b42147c8c','http://localhost:8080/ourtori/a875ba84be07519689d115e22c7c3a4b42147c8c/tiwa-savage--son-jamil-all-smiles-in-lovely-new-photos',1),(217,'Topping the list as the most nominated act for the second edition is Sarz who has 4 nominations, while MasterKraft and Dj Coublon have 3 nominations each. The Organizer of this historical event has promised to give both guests and nominees an explosive ex','https://4.bp.blogspot.com/-VghksV5NtcQ/WFLz1qS9S6I/AAAAAAALL9I/te6S37WN0jcCFuuC0hYgWaLh0DGmu8I0wCLcB/s1600/2.jpg','http://www.lindaikejisblog.com/2016/12/sarz-cobhams-asuquo-dj-coublon.html','Sarz, Cobhams Asuquo, Dj Coublon, Masterkraft andothers battle for the crown at The Beatz Awards 2.0','2483741234633a882bf2124c92326154dd7cfe6a','http://localhost:8080/ourtori/2483741234633a882bf2124c92326154dd7cfe6a/sarz-cobhams-asuquo-dj-coublon-masterkraft-andothers-battle-for-the-crown-at-the-beatz-awards-20',1),(218,'Whose child is this??','https://1.bp.blogspot.com/-e9PeJPQFpgQ/V9FfpsBrM3I/AAAAAAAKa5w/hIJ7473fLKchHsBVcBcOQbwSFZCq1n6AACLcB/s1600/unnamed.jpg','http://www.lindaikejisblog.com/2016/12/imagine-this-nonsense.html','Imagine this nonsense!','d23f700c7dc195fc20ba31ab58499b330fe2d2cc','http://localhost:8080/ourtori/d23f700c7dc195fc20ba31ab58499b330fe2d2cc/imagine-this-nonsense',1),(219,'President Buhari\'s daughter, Zahra, will wed Ahmed Indimi, in Abuja on Friday. Her mum, Aisha Buhari, has gradually been releasing these official pre-wedding photos.','https://2.bp.blogspot.com/-pN0HIyBjZr4/WFLy8HQZkPI/AAAAAAALL9A/j_lMQkIQF6MhyNqSeryOpg7AqiPlziKmgCLcB/s1600/Untitled.png','http://www.lindaikejisblog.com/2016/12/another-pre-wedding-photo-of-zahra.html','Another pre-wedding photo of Zahra Buhari & Ahmed Indimi','7c866e7cea02078d80bfcd0f3b0fc27141607f26','http://localhost:8080/ourtori/7c866e7cea02078d80bfcd0f3b0fc27141607f26/another-prewedding-photo-of-zahra-buhari--ahmed-indimi',1),(220,'Barcelona football star Neymar Jr has revealed the spectacular reasons behind his burgeoning relationship with his fellow star players Lionel Messi and Luis Suarez both on and off the pitch. The trio tagged \'MSN\' scored 131 goals between them last season ','https://4.bp.blogspot.com/-W7Rk6W2H7Ps/WFLIw_uu3KI/AAAAAAALL8Q/tgNb-FplaK02whhQOc_tu8goIPwfFivlwCLcB/s1600/00.jpg','http://www.lindaikejisblog.com/2016/12/neymar-reveals-reason-behind-his.html','Neymar reveals the reason behind his successful relationship with Lionel Messi and Luis Suarez','3437f9f6e81dc6a6514d3c30633433bdf6184268','http://localhost:8080/ourtori/3437f9f6e81dc6a6514d3c30633433bdf6184268/neymar-reveals-the-reason-behind-his-successful-relationship-with-lionel-messi-and-luis-suarez',1),(221,'The remains of Ukeme Monday Asuquo, a first class graduate of Petroleum Engineering from the University of Uyo, was laid to rest today in his hometown, Ikot Udo Oto village in Etinan LGA Akwa Ibom state on Thursday, December 15th...','https://1.bp.blogspot.com/-7r7kbxTn0t0/WFLHLhJsd1I/AAAAAAALL7g/g6ZKZTiES7Q19DtC4STdsIvJpATj-RjNgCLcB/s1600/0.jpg','http://www.lindaikejisblog.com/2016/12/photos-late-corps-member-and-first.html','Photos: Late corps member and first class graduate, Ukeme Asuquo laid to rest in Akwa Ibom','3dc9b8d588718642aa3845d5751ce520606847d7','http://localhost:8080/ourtori/3dc9b8d588718642aa3845d5751ce520606847d7/photos-late-corps-member-and-first-class-graduate-ukeme-asuquo-laid-to-rest-in-akwa-ibom',1),(222,'More amazing stuff coming on Linda Ikeji Social this Christmas season. Make 5 days of this holiday season your 5 days of good luck. LIS is giving away N20,000 to 5 lucky LISers every single day for 5 days starting from Monday 19th of December to Friday th','https://1.bp.blogspot.com/-aWcDlVwmauQ/WFLEvoOJo-I/AAAAAAALL7E/1nhTMPonbFctghXqYAA_1aWhT_ZCBFlbgCLcB/s1600/unnamed.png','http://www.lindaikejisblog.com/2016/12/lis-christmas-giveaway-win-n20k-every.html','LIS Christmas giveaway! Win N20k every single day from Dec. 19th - Dec. 23rd','c35730469a6ac6055d83ceba67acd3c15be745c0','http://localhost:8080/ourtori/c35730469a6ac6055d83ceba67acd3c15be745c0/lis-christmas-giveaway-win-n20k-every-single-day-from-dec-19th--dec-23rd',1),(223,'The Rivers State government has said that the tape circulating the media, of Governor Nyesom Wike, threatening to kill INEC officials (in the last legislative rerun elections), if they do not do what he \"asked them to do,\" or \"return what (he) gave them,\"','https://www.bellanaija.com/wp-content/uploads/2016/12/Nyesom-Wike-Bella-Naija-502x600-150x150.jpg','https://www.bellanaija.com/2016/12/leaked-audio-voice-changer-technology-is-being-used-to-blackmail-gov-wike-rivers-govt/','Leaked Audio: Voice Changer Technology is being used to Blackmail Gov. Wike – Rivers Govt','f24ee79acd20d8cb631271a7e80f91439e69f8b8','http://localhost:8080/ourtori/f24ee79acd20d8cb631271a7e80f91439e69f8b8/leaked-audio-voice-changer-technology-is-being-used-to-blackmail-gov-wike--rivers-govt',2),(224,'President Muhammadu Buhari has said that the Federal Government is not spending any money on the wedding ceremony of his daughter, Zahra, slated for Friday in Abuja. The president’s Senior Special Assistant on Media and Publicity, Garba Shehu, stated this','https://www.bellanaija.com/wp-content/uploads/2016/12/Zahra-Buhari-and-Ahmed-Indimi-Wedding-Ball_1-600x464-1-150x150.jpg','https://www.bellanaija.com/2016/12/zahmed2016-buharis-family-and-personal-aides-put-the-money-together-to-foot-the-bill-presidency/','#ZAhmed2016: “Buhari’s family and personal aides put the money together to foot the bill” – Presidency','ff3a65af3dde99457274c848e70273255e3995bf','http://localhost:8080/ourtori/ff3a65af3dde99457274c848e70273255e3995bf/zahmed2016-buharis-family-and-personal-aides-put-the-money-together-to-foot-the-bill--presidency',2),(225,'Except for any last minute changes, Minister of Environment, Amina Mohammed, will transition to her new role as the Deputy Secretary-General of the United Nations in March 2017. This was revealed in a statement by President Muhammadu Buhari\'s Senior Speci','https://www.bellanaija.com/wp-content/uploads/2016/11/President-Buhari-at-COP-22-150x150.jpg','https://www.bellanaija.com/2016/12/amina-mohammed-to-transition-to-her-new-role-as-un-deputy-s-g-march-2017-president-buhari/','Amina Mohammed to Transition to her New Role as UN Deputy S-G March 2017 – President Buhari','b8820bfc7d2895f7518f604426d51fc796533f6d','http://localhost:8080/ourtori/b8820bfc7d2895f7518f604426d51fc796533f6d/amina-mohammed-to-transition-to-her-new-role-as-un-deputy-sg-march-2017--president-buhari',2),(226,'It\'s a bittersweet news for Nigeria as Environment minister, Amina Mohammed will be exiting her position in the ministry following her appointment by incoming UN Secretary-General António Guterres, as his Deputy Secretary-General. The announcement was mad','https://www.bellanaija.com/wp-content/uploads/2016/12/642850Amina-150x150.jpg','https://www.bellanaija.com/2016/12/guterres-appoints-nigerias-amina-mohammed-as-un-deputy-s-g-2-other-women-into-top-postions/','Guterres appoints Nigeria’s Amina Mohammed as UN Deputy S-G, 2 Other Women into Top Postions','f18c30635fa649d6c274cfdf5db20c9885dba3bc','http://localhost:8080/ourtori/f18c30635fa649d6c274cfdf5db20c9885dba3bc/guterres-appoints-nigerias-amina-mohammed-as-un-deputy-sg-2-other-women-into-top-postions',2),(227,'Lynxxx has dropped the video for his Masterkraft produced wedding anthem, \"CharaCha\" which translates to celebrating that woman of \"Quality / Purity\" in your life. The video was shot by Aje FilmWorks on location in Lagos Island. Enjoy and expect back to b','https://www.bellanaija.com/wp-content/uploads/2016/12/0-110-150x150.jpg','https://www.bellanaija.com/2016/12/watch-characha-new-video-from-lynxxx/','Watch “CharaCha” – New Video from Lynxxx','d2450ad451754aea1e44f6014af757cc7a41ea7d','http://localhost:8080/ourtori/d2450ad451754aea1e44f6014af757cc7a41ea7d/watch-characha--new-video-from-lynxxx',2),(228,'While she has been looking glamorous and enjoying the perks of being a best-selling author, it has also been an emotional trip for Toke Makinwa. The media personality and author of \"On Becoming...\" visited her childhood home for the first time since the t','https://www.bellanaija.com/wp-content/uploads/2016/12/Toke-Makinwa-Abuja-Launch-1-150x150.jpg','https://www.bellanaija.com/2016/12/inside-toke-makinwas-emotional-trip-to-abuja-for-book-launch-media-tour/','Inside Toke Makinwa’s Emotional Trip to Abuja for Book Launch & Visit to Childhood Home','21c1daddf5e433ac36657f15d1d5c9ad83292e05','http://localhost:8080/ourtori/21c1daddf5e433ac36657f15d1d5c9ad83292e05/inside-toke-makinwas-emotional-trip-to-abuja-for-book-launch--visit-to-childhood-home',2),(229,'Genevieve Magazine\'s annual wedding issue is here! The December 2016 cover girl is actor Yvonne Jegede, who is set to marry rapper and actor Kunle Fawole, son of late Nollywood veteran Bukky Ajayi. Here\'s what the mag has to say about the latest issue! Wh','https://www.bellanaija.com/wp-content/uploads/2016/12/Yvonne-Jegede_December2016GenevieveCover-3-794x1024-150x150.jpg','https://www.bellanaija.com/2016/12/i-feel-very-comfortable-getting-married-at-33-yvonne-jegede-gushes-about-fiance-in-genevieve-magazines-annual-bridal-issue/','“I feel very comfortable getting married at 33” Yvonne Jegede gushes about Fiancé in Genevieve Magazine’s Annual Bridal Issue','119873b3bf6d5aa863faf77e5027fae95a9218eb','http://localhost:8080/ourtori/119873b3bf6d5aa863faf77e5027fae95a9218eb/i-feel-very-comfortable-getting-married-at-33-yvonne-jegede-gushes-about-fianc-in-genevieve-magazines-annual-bridal-issue',2),(230,'We definitely saved the best for the last. Surulere fans will have the opportunity to see chanteuse; Tiwa Savage performing her smash hits this Friday at the new Lounge 38 (now on Bode Thomas). DJ Jimmy Jatt will also be on hand to spin the hottest record','https://www.bellanaija.com/wp-content/uploads/2016/12/Remy-Martin-At-the-Club-Finale-150x150.jpg','https://www.bellanaija.com/2016/12/tiwa-savage-dj-jimmy-jatt-are-rocking-surulere-this-friday-with-attheclubwithremymartin-finale-16th-dec/','Tiwa Savage & DJ Jimmy Jatt are rocking Surulere this Friday with #AttheClubwithRemyMartin | Finale – 16th Dec','18c07bb602dbd2afec8bc6d4fee7f33177b5a142','http://localhost:8080/ourtori/18c07bb602dbd2afec8bc6d4fee7f33177b5a142/tiwa-savage--dj-jimmy-jatt-are-rocking-surulere-this-friday-with-attheclubwithremymartin--finale--16th-dec',2),(231,'The President and his wife Aisha Buhari\'s daughter Zahra Buhari and Ahmed Indimi\'s wedding celebrations are well under way. The bride had a tea party-themed bridal shower on Tuesday, followed by a wedding ball last night in Abuja. Here\'s another pre-weddi','https://www.bellanaija.com/wp-content/uploads/2016/12/Zahra-Buhari-and-Ahmed-Indimi-Wedding-Ball_1-150x150.jpg','https://www.bellanaija.com/2016/12/first-look-zahra-buhari-ahmed-indimis-regal-wedding-ball-zahmed2016/','First Look: Zahra Buhari & Ahmed Indimi’s Regal Wedding Ball – #ZAhmed2016','7895aca7e965cf0873576307d7f59eb98c07f8ca','http://localhost:8080/ourtori/7895aca7e965cf0873576307d7f59eb98c07f8ca/first-look-zahra-buhari--ahmed-indimis-regal-wedding-ball--zahmed2016',2),(232,'Set to hold on the 17th of December, the Bloom party is a luxury Christmas party organised for underprivileged children living in Lagos, Nigeria. 100 children from 10 charity homes across Lagos will be dressed, groomed and fed at the party which promises ','https://www.bellanaija.com/wp-content/uploads/2016/12/DONATE-3-150x150.png','https://www.bellanaija.com/2016/12/share-joy-laughter-this-christmas-by-supporting-the-bloom-party-campaign-a-luxury-party-organised-for-underprivileged-kids-saturday-december-17th/','Share Joy & Laughter this Christmas by Supporting ‘The Bloom Party’ Campaign – A Luxury Party Organised for Underprivileged Kids | Saturday, December 17th','58916b5a9bf15515aead969e6fa948634216d030','http://localhost:8080/ourtori/58916b5a9bf15515aead969e6fa948634216d030/share-joy--laughter-this-christmas-by-supporting-the-bloom-party-campaign--a-luxury-party-organised-for-underprivileged-kids--saturday-december-17th',2),(233,'What more can make your Friday more perfect than an evening with DJ Caise, Live Music, The Grill and Ciroc!!! Come join Ciroc and DJ Caise at The Jungle Beat live at Federal Palace, tomorrow. Date: Friday, December 16th, 2016. Time: 5pm Prompt. Venue: Out','https://www.bellanaija.com/wp-content/uploads/2016/12/5852be112a824-150x150.jpeg','https://www.bellanaija.com/2016/12/join-ciroc-and-dj-caise-at-the-jungle-beat-live-party-tomorrow-friday-december-16th/','Join Ciroc and DJ Caise at The Jungle Beat Live Party Tomorrow | Friday, December 16th','492bb2aedfc24a459893d8d4a0e8b47a2ca1ecd3','http://localhost:8080/ourtori/492bb2aedfc24a459893d8d4a0e8b47a2ca1ecd3/join-ciroc-and-dj-caise-at-the-jungle-beat-live-party-tomorrow--friday-december-16th',2),(234,'Get ready for double excitement as Club 57 celebrates its 2nd anniversary with Hennessy Privilege Night this Saturday. Come experience the most electrifying night of the year! Hype man:  Jimmy Date: Saturday, December 17th, 2016. Time: 10pm Venue: Club 57','https://www.bellanaija.com/wp-content/uploads/2016/12/Club-57-Anniversary-150x150.jpg','https://www.bellanaija.com/2016/12/party-with-club-57-at-its-2nd-anniversary-celebration-with-hennessy-privilege-night-saturday-december-17th/','Party with Club 57 at its 2nd Anniversary Celebration with Hennessy Privilege Night | Saturday, December 17th','4631fe0f1bb72b34f61dc41ba41e64c63aa0edda','http://localhost:8080/ourtori/4631fe0f1bb72b34f61dc41ba41e64c63aa0edda/party-with-club-57-at-its-2nd-anniversary-celebration-with-hennessy-privilege-night--saturday-december-17th',2),(235,'Tomi Odunsi & Chef Daniel have two new episode of Dear Young Wife. Watch them below. Last Week\'s Episode - #Agedifference Age difference in Marriage; we are talking 20 -30 years difference. Does true love really exist in such marriages? Is the age differe','https://www.bellanaija.com/wp-content/uploads/2016/12/0-109-150x150.jpg','https://www.bellanaija.com/2016/12/bn-tv-tomi-odunsi-chef-daniel-on-age-difference-parental-disapproval-in-marriage-watch-2-new-episodes-of-dear-young-wife/','BN TV: Tomi Odunsi & Chef Daniel on Age Difference & Parental Disapproval in Marriage – Watch 2 New Episodes of ‘Dear Young Wife’','a4507a7fe7720398fc2fc4775d87a2283284a2ec','http://localhost:8080/ourtori/a4507a7fe7720398fc2fc4775d87a2283284a2ec/bn-tv-tomi-odunsi--chef-daniel-on-age-difference--parental-disapproval-in-marriage--watch-2-new-episodes-of-dear-young-wife',2),(236,'Getting my sexy back after having my baby! 2016 will soon be a wrap. Yet, at the beginning of the year, you dreamt of a fab body but the mirror tells you you are now bigger than you were in 2015? You still have those pictures of celebs with your dream bod','https://www.bellanaija.com/wp-content/uploads/2016/12/april-laugh-1_1_bellanaija-150x150.jpg','https://www.bellanaija.com/2016/12/hit-the-road-running-this-2017-join-lifestyle-change-with-april-for-an-exciting-fitness-journey-experience-like-never-before/','Hit the Road Running this 2017! Join ‘Lifestyle Change With April’ for an Exciting Fitness Journey Experience like Never Before!','226c9891907aa60c1060e78c0dd03b27316a7403','http://localhost:8080/ourtori/226c9891907aa60c1060e78c0dd03b27316a7403/hit-the-road-running-this-2017-joinlifestyle-change-with-april-for-an-exciting-fitness-journey-experience-like-never-before',2),(237,'Kid Entrepreneurs Business Fair is Nigeria\'s First ever market place for Kid Entrepreneurs ages 5 -13 years to showcase and sell their products and services. Date:  Saturday, December 17th, 2016. Time: 10am Venue: Filmhouse IMAX Cinema carpark, The Rock D','https://www.bellanaija.com/wp-content/uploads/2016/12/Invitation-150x150.jpg','https://www.bellanaija.com/2016/12/nigerias-first-ever-kid-entrepreneurs-business-fair-for-kid-entrepreneurs-holds-this-weekend-saturday-december-17th/','Nigeria’s First Ever ‘Kid Entrepreneurs Business Fair’ holds this Weekend | Saturday, December 17th','6dade981c4a72d9649b3bc216efb67ac45248991','http://localhost:8080/ourtori/6dade981c4a72d9649b3bc216efb67ac45248991/nigerias-first-ever-kid-entrepreneurs-business-fair-holds-this-weekend--saturday-december-17th',2),(238,'We are at the end of 2016 and in the beginning of a resolution spree. Unfortunately, most resolutions don’t work because the people who are making them are approaching them the wrong way. You often hear people resolving to “build a business empire like Da','https://www.bellanaija.com/wp-content/uploads/2016/12/dreamstime_l_55155488-600x400-1-150x150.jpg','https://www.bellanaija.com/2016/12/234finance-the-new-year-resolution-you-can-actually-keep/','234Finance: The New Year Resolution You Can Actually Keep','2882e2a78b15ffcaf7ce0ce60439a9b39a182948','http://localhost:8080/ourtori/2882e2a78b15ffcaf7ce0ce60439a9b39a182948/234finance-the-new-year-resolution-you-can-actually-keep',2),(239,'The Nigerian Immigration Service (NIS) may increase the cost of acquiring Nigerian International Passport, a statement made by Muhammad Babandede, Comptroller-General of the NIS suggests. Babandede said that the review is necessary as the cost of material','https://www.bellanaija.com/wp-content/uploads/2016/12/Muhammad-Babandede-600x339-150x150.jpg','https://www.bellanaija.com/2016/12/cost-of-international-passport-set-to-rise-as-nis-laments-increase-in-price-of-materials/','Cost of International Passport set to Rise as NIS Laments Increase in Price of Materials','a7ea99d607be3d14582241607b56a4dbfcd0873e','http://localhost:8080/ourtori/a7ea99d607be3d14582241607b56a4dbfcd0873e/cost-of-international-passport-set-to-rise-as-nis-laments-increase-in-price-of-materials',2),(240,'Hello BellaNaijarians! Welcome to the last month of the year! Whoop! Whoop! Here\'s the list of the exciting events happening this weekend, as well as those for the rest of the year. ** Heartbeat The Musical Heartbeat is anchored on Grace House, a well kno','https://www.bellanaija.com/wp-content/uploads/2016/12/MAJU-Gatsby-Fashion-Party-150x150.jpg','https://www.bellanaija.com/2016/12/events-this-weekend-2016-christmas-edition-week-three/','Events This Weekend: 2016 Christmas Edition – Week Three','2e57456fac51a2ffb2d0cbc0f8c45faa47174cdd','http://localhost:8080/ourtori/2e57456fac51a2ffb2d0cbc0f8c45faa47174cdd/events-this-weekend-2016-christmas-edition--week-three',2),(241,'The Senate has rejected the nomination of Ibrahim Magu as the Economic and Financial Crimes Commission (EFCC) Chairman. The senate said that the its decision was based on \"the security report before it\". The Senate confirmed the nomination of the other 4 ','https://www.bellanaija.com/wp-content/uploads/2016/12/Senate-Rejects-Magu-150x150.png','https://www.bellanaija.com/2016/12/watch-senate-rejects-nomination-of-ibrahim-magu-as-efcc-boss/','WATCH: Senate Rejects Nomination of Ibrahim Magu as EFCC Boss','2181fe3d5a145ee05b54712784309e93cdcf5353','http://localhost:8080/ourtori/2181fe3d5a145ee05b54712784309e93cdcf5353/watch-senate-rejects-nomination-of-ibrahim-magu-as-efcc-boss',2);
/*!40000 ALTER TABLE `content` ENABLE KEYS */;
UNLOCK TABLES;

--
-- Table structure for table `search_term`
--

DROP TABLE IF EXISTS `search_term`;
/*!40101 SET @saved_cs_client     = @@character_set_client */;
/*!40101 SET character_set_client = utf8 */;
CREATE TABLE `search_term` (
  `id` bigint(20) NOT NULL AUTO_INCREMENT,
  `term` varchar(255) DEFAULT NULL,
  PRIMARY KEY (`id`)
) ENGINE=InnoDB DEFAULT CHARSET=latin1;
/*!40101 SET character_set_client = @saved_cs_client */;

--
-- Dumping data for table `search_term`
--

LOCK TABLES `search_term` WRITE;
/*!40000 ALTER TABLE `search_term` DISABLE KEYS */;
/*!40000 ALTER TABLE `search_term` ENABLE KEYS */;
UNLOCK TABLES;
/*!40103 SET TIME_ZONE=@OLD_TIME_ZONE */;

/*!40101 SET SQL_MODE=@OLD_SQL_MODE */;
/*!40014 SET FOREIGN_KEY_CHECKS=@OLD_FOREIGN_KEY_CHECKS */;
/*!40014 SET UNIQUE_CHECKS=@OLD_UNIQUE_CHECKS */;
/*!40101 SET CHARACTER_SET_CLIENT=@OLD_CHARACTER_SET_CLIENT */;
/*!40101 SET CHARACTER_SET_RESULTS=@OLD_CHARACTER_SET_RESULTS */;
/*!40101 SET COLLATION_CONNECTION=@OLD_COLLATION_CONNECTION */;
/*!40111 SET SQL_NOTES=@OLD_SQL_NOTES */;

-- Dump completed on 2016-12-22  8:12:28
